#EJECUCIÓN GASTOS CORRIENTES EJERCICIO 2013,,,,,,,
#Org.,Prog.,Econ.,DENOMINACIÓN DE LAS APLICACIONES,Créditos Iniciales,Modificaciones,Créditos Totales,Obligaciones Reconocidas
A01,150,12000,SUELDOS DEL GRUPO A1.,58709.28,0,58709.28,43854.66
A01,150,12003,SUELDOS DEL GRUPO C1.,9884.84,0,9884.84,0
A01,150,12006,TRIENIOS.,6293.92,0,6293.92,6277.58
A01,150,12100,COMPLEMENTO DE DESTINO.,49236.04,0,49236.04,33937.4
A01,150,12101,COMPLEMENTO ESPECÍFICO.,70817.74,0,70817.74,56025.9
A01,150,13000,RETRIBUCIONES BÁSICAS LABORAL FIJO,57821.8,0,57821.8,50678.14
A01,150,13002,OTRAS REMUNERACIONES LABORAL FIJO,20670.74,0,20670.74,20670.44
A01,150,15000,PRODUCTIVIDAD,23789.92,0,23789.92,21236.26
A01,150,16000,SEGURIDAD SOCIAL.,78809.14,0,78809.14,72111.33
A01,150,16200,FORMACIÓN Y PERFECCIONAMIENTO DEL PERSONAL.,566.58,0,566.58,498.68
A01,150,16204,ACCIÓN SOCIAL.,10000,0,10000,4129.16
A01,150,16205,SEGUROS.,800,0,800,698.8
A01,150,16209,OTROS GASTOS SOCIALES.,600,0,600,448.52
A01,150,20600,ARRENDAMIENTO EQUIPOS PROCESOS DE INFORMACION,7000,0,7000,6057.61
A01,150,21000,REPARACIONES Y OBRAS,42000,0,42000,29697.78
A01,150,21200,REPARACIONES MANTENIMIENTO Y CONSERVACION EDIFICIOS,3000,0,3000,3159.65
A01,150,22000,ORDINARIO NO INVENTARIABLE.,5000,0,5000,4536.2
A01,150,22100,SUMINISTROS: ENERGÍA ELÉCTRICA.,1100000,0,1100000,1061321.77
A01,150,22101,SUMINISTROS: AGUA.,600000,0,600000,628086.74
A01,150,22110,PRODUCTOS DE LIMPIEZA Y ASEO.,1000,0,1000,214.3
A01,150,22200,SERVICIOS DE TELECOMUNICACIONES.,12000,0,12000,5714.73
A01,150,22201,POSTALES.,7000,0,7000,3777.97
A01,150,22690,GASTOS GENERALES DE VIVIENDAS,5000,0,5000,978.86
A01,150,22718,MANTENIMIENTO ASCENSORES,3000,0,3000,2239.81
A01,150,22719,MANTENIMIENTO CLIMATIZACION,7000,0,7000,4206.2
A01,150,22790,"TRABAJOS REALIZADOS POR OTRAS EMPRESAS, ELABORACION PGOU",30000,0,30000,0
A01,150,22791,TRABAJOS REALIZADOS POR OTRAS EMPRESAS - OTROS,50000,0,50000,2117.5
A01,170,12000,SUELDOS DEL GRUPO A1.,14677.32,0,14677.32,11560.82
A01,170,12100,COMPLEMENTO DE DESTINO.,8160.88,0,8160.88,5555.58
A01,170,13000,RETRIBUCIONES BÁSICAS LABORAL FIJO,45062.02,0,45062.02,44988.57
A01,170,13002,OTRAS REMUNERACIONES LABORAL FIJO,14361.9,0,14361.9,14361.9
A01,170,15000,PRODUCTIVIDAD,6328.28,0,6328.28,14730.59
A01,170,16000,SEGURIDAD SOCIAL.,26728.34,0,26728.34,24456.77
A01,170,16200,FORMACIÓN Y PERFECCIONAMIENTO DEL PERSONAL.,631.26,0,631.26,715.79
A01,170,16204,ACCIÓN SOCIAL.,5000,0,5000,1729.58
A01,170,16205,SEGUROS.,450,0,450,393.07
A01,170,16209,OTROS GASTOS SOCIALES.,600,0,600,450.01
A01,170,22200,SERVICIOS DE TELECOMUNICACIONES.,5000,0,5000,2638.67
A01,170,22712,CONTRATO MANTENIMIENTO PUNTO LIMPIO,5000,0,5000,2055.14
A01,170,22713,CONTRATOS PROGRAMAS DE MEDIO AMBIENTE,9000,0,9000,3825
A01,170,22770,SERVICIO RETIRADA ANIMALES ABANDONADOS,30000,0,30000,50664.45
A01,170,22789,TRABAJOS REALIZADOS POR OTRAS EMPRESAS: AUDITORIA ENERGETICA,18000,0,18000,0
A01,170,22799,OTROS TRABAJOS REALIZADOS POR OTRAS EMPRESAS Y PROFES.,11000,0,11000,2419.23
A01,170,44901,SUBVENCION PERDIDAS GESTION RESIDUOS SOLIDOS URBANOS,1257000,0,1257000,1257000
A01,170,44902,SUBVENCION PERDIDAS GESTION RECOGIDA DE ENSERES,195000,0,195000,195000
A01,170,44905,SUBVENCION PERDIDAS MANT. LIMPIEZA VIARIA,2485000,0,2485000,2485000
A01,170,44908,SUBVENCION PERDIDAS JARDINERIA,2093000,0,2093000,2093000
A01,170,61900,OBRAS REMODELACION GLORIETA C/CATALUÑA,190000,0,190000,190000
A01,170,61901,OBRAS REMODELACION GLORIETA EGIDO DE LA FUENTE,270000,0,270000,0
A01,170,61903,INVERSION EN REPOSICION DE VIAS URBANAS,110000,0,110000,64175.53
A01,170,61904,INVERSION EN REPOSICION DE VIAS PECUARIAS,20000,0,20000,0
A01,170,61909,MEJORA DEL ALUMBRADO PUBLICO,260000,0,260000,0
A01,170,61910,INVERSION DE REPOSICION E INFRAESTRUCTURAS,300000,0,300000,174851.55
A01,170,63100,INVERSION DE REPOSICION PARQUES Y JARDINES,300000,0,300000,15029.12
A02,433,12000,SUELDOS DEL GRUPO A1.,44031.96,0,44031.96,29329.05
A02,433,12001,SUELDOS DEL GRUPO A2.,38719.56,0,38719.56,36923.1
A02,433,12003,SUELDOS DEL GRUPO C1.,9884.84,0,9884.84,9884.84
A02,433,12006,TRIENIOS.,13830.4,0,13830.4,13805.38
A02,433,12100,COMPLEMENTO DE DESTINO.,62106.24,0,62106.24,52808.67
A02,433,12101,COMPLEMENTO ESPECÍFICO.,96625.9,0,96625.9,94699.04
A02,433,13000,RETRIBUCIONES BÁSICAS LABORAL FIJO,111616.1,0,111616.1,108945.52
A02,433,13002,OTRAS REMUNERACIONES LABORAL FIJO,42970.48,0,42970.48,48021.4
A02,433,15000,PRODUCTIVIDAD,42388.5,0,42388.5,40822.42
A02,433,15200,OTROS INCENTIVOS AL RENDIMIENTO,2016.72,0,2016.72,1854.5
A02,433,16000,SEGURIDAD SOCIAL.,118412.22,0,118412.22,108348.64
A02,433,16200,FORMACIÓN Y PERFECCIONAMIENTO DEL PERSONAL.,997.08,0,997.08,1099.56
A02,433,16204,ACCIÓN SOCIAL.,7000,0,7000,3053.81
A02,433,16205,SEGUROS.,800,0,800,698.8
A02,433,16209,OTROS GASTOS SOCIALES.,600,0,600,450.01
A02,433,22603,PUBLICACIÓN EN DIARIOS OFICIALES.,3000,0,3000,0
A02,433,22799,OTROS TRABAJOS REALIZADOS POR OTRAS EMPRESAS Y PROFES.,45000,0,45000,11090.41
A03,169,12000,SUELDOS DEL GRUPO A1.,29354.64,0,29354.64,29390
A03,169,12001,SUELDOS DEL GRUPO A2.,12906.52,0,12906.52,12906.52
A03,169,12006,TRIENIOS.,4236.93,0,4236.93,4244.33
A03,169,12100,COMPLEMENTO DE DESTINO.,31467.8,0,31467.8,31388.22
A03,169,12101,COMPLEMENTO ESPECÍFICO.,62241.06,0,62241.06,62130.38
A03,169,13000,RETRIBUCIONES BÁSICAS LABORAL FIJO,91237.46,0,91237.46,69180.52
A03,169,13002,OTRAS REMUNERACIONES LABORAL FIJO,40080.6,0,40080.6,32215.54
A03,169,15000,PRODUCTIVIDAD,28453.74,0,28453.74,25495.86
A03,169,15200,OTROS INCENTIVOS AL RENDIMIENTO,7219.68,0,7219.68,7219.68
A03,169,16000,SEGURIDAD SOCIAL.,74650.45,0,74650.45,68306.07
A03,169,16200,FORMACIÓN Y PERFECCIONAMIENTO DEL PERSONAL.,1051.12,0,1051.12,1191.89
A03,169,16204,ACCIÓN SOCIAL.,4000,0,4000,1052.49
A03,169,16205,SEGUROS.,800,0,800,698.8
A03,169,16209,OTROS GASTOS SOCIALES.,300,0,300,225.79
A03,169,21400,REPARACION MANTENIMIENTO Y CONSERVACION ELEMENTOS TRANSPORTE,1000,0,1000,503.17
A03,169,22103,COMBUSTIBLES Y CARBURANTES.,7000,0,7000,1703.94
A03,169,22104,VESTUARIO.,1000,0,1000,0
A03,169,22717,CONTRATO MTO RED DE SANEAMIENTO,2000,0,2000,0
A03,169,22799,OTROS TRABAJOS REALIZADOS POR OTRAS EMPRESAS Y PROFES.,21000,0,21000,192.61
A03,169,44904,SUBVENCIOM PERDIDAS GESTION MANT. ALUMBRADO PUBLICO,397000,0,397000,397000
A03,169,44906,SUBVENCION PERDIDAS GESTION MANT. PARQUES Y JARDINES,1603000,0,1603000,1603000
B01,340,13000,RETRIBUCIONES BÁSICAS LABORAL FIJO,172028.88,0,172028.88,107660.74
B01,340,13002,OTRAS REMUNERACIONES LABORAL FIJO,53589.62,0,53589.62,42491.45
B01,340,13100,RETRIBUCIONES LABORAL TEMPORAL,48630.84,0,48630.84,48613.8
B01,340,15000,PRODUCTIVIDAD,25510.8,0,25510.8,16736.04
B01,340,16000,SEGURIDAD SOCIAL.,86818.76,0,86818.76,79440.22
B01,340,16200,FORMACIÓN Y PERFECCIONAMIENTO DEL PERSONAL.,821.1,0,821.1,505.62
B01,340,16204,ACCIÓN SOCIAL.,2000,0,2000,4398.95
B01,340,16205,SEGUROS.,400,0,400,349.39
B01,340,16209,OTROS GASTOS SOCIALES.,200,0,200,197
B01,340,22116,TROFEOS DEPORTIVOS,12000,0,12000,3538.98
B01,340,22119,MATERIAL TECNICO DEPORTIVO,38000,0,38000,5803.11
B01,340,22402,SEGUROS DEPORTIVOS,60000,0,60000,48940.29
B01,340,48001,PREMIOS DEPORTES ESCOLAR,3000,0,3000,0
B01,340,48004,CONVENIO FOMENTO DEPORTE,90000,0,90000,0
B01,340,48005,AYUDAS PROGRAMACIONES DEPORTIVAS,10000,0,10000,0
B01,340,48008,ABONO DEPORTIVO,5000,0,5000,0
B01,340,48904,PROGRAMAS DEPORTIVOS Y ACTIVIDADES,12000,0,12000,720
B01,340,63301,"INVERSION DE REPOSICION MAQUINARIA, INST.TECNICA Y UTILLAJE",20000,0,20000,0
B01,342,13000,RETRIBUCIONES BÁSICAS LABORAL FIJO,225094.32,0,225094.32,122003.97
B01,342,13002,OTRAS REMUNERACIONES LABORAL FIJO,97164.62,0,97164.62,72653.21
B01,342,13100,RETRIBUCIONES LABORAL TEMPORAL,122333.96,0,122333.96,122486.16
B01,342,15000,PRODUCTIVIDAD,55164.9,0,55164.9,36988.32
B01,342,15200,OTROS INCENTIVOS AL RENDIMIENTO,540.96,0,540.96,1943.59
B01,342,16000,SEGURIDAD SOCIAL.,182540.46,0,182540.46,167026.78
B01,342,16200,FORMACIÓN Y PERFECCIONAMIENTO DEL PERSONAL.,1760.78,0,1760.78,1251.05
B01,342,16204,ACCIÓN SOCIAL.,3000,0,3000,991.91
B01,342,16205,SEGUROS.,1700,0,1700,1484.94
B01,342,16209,OTROS GASTOS SOCIALES.,700,0,700,525.8
B01,342,20600,ARRENDAMIENTO EQUIPOS PROCESOS DE INFORMACION,7000,0,7000,6068.71
B01,342,21200,REPARACIONES MANTENIMIENTO Y CONSERVACION EDIFICIOS,22000,0,22000,12727.63
B01,342,22000,ORDINARIO NO INVENTARIABLE.,3000,0,3000,2453.98
B01,342,22100,ENERGÍA ELÉCTRICA.,430000,0,430000,383084.92
B01,342,22101,AGUA.,200000,0,200000,153139.09
B01,342,22102,GAS.,70000,0,70000,87152.89
B01,342,22104,VESTUARIO.,2000,0,2000,597.44
B01,342,22110,PRODUCTOS DE LIMPIEZA Y ASEO.,2000,0,2000,550.61
B01,342,22200,SERVICIOS DE TELECOMUNICACIONES.,6000,0,6000,4357.49
B01,342,22201,POSTALES.,5000,0,5000,2693.78
B01,342,22690,GASTOS DIVERSOS.DEPORTES,6000,0,6000,473.08
B01,342,22718,MANTENIMIENTO ASCENSORES,3000,0,3000,2243.44
B01,342,22719,MANTENIMIENTO CLIMATIZACION,14000,0,14000,7275.5
B01,342,22735,ARBITRAJES Y COORDINACION,2000,0,2000,4831
B01,342,22751,CONTRATOS ACTIVIDADES DEPORTIVAS,155000,0,155000,109409.19
B01,342,22799,OTROS TRABAJOS REALIZADOS POR OTRAS EMPRESAS Y PROFES.,2000,0,2000,0
B01,342,23120,DEL PERSONAL NO DIRECTIVO.,1000,0,1000,216.53
B01,342,44909,SUBVENCION PERDIDAS GESTION PISCINAS MPALES,620000,0,620000,620000
B02,491,12000,SUELDOS DEL GRUPO A1.,14677.32,0,14677.32,0
B02,491,12100,COMPLEMENTO DE DESTINO.,8160.88,0,8160.88,0
B02,491,12101,COMPLEMENTO ESPECÍFICO.,22556.1,0,22556.1,0
B02,491,13000,RETRIBUCIONES BÁSICAS LABORAL FIJO,59149.3,0,59149.3,45590.02
B02,491,13002,OTRAS REMUNERACIONES LABORAL FIJO,18057.76,0,18057.76,10192.7
B02,491,14300,OTRO PERSONAL,37755.6,0,37755.6,28253.82
B02,491,15000,PRODUCTIVIDAD,13656.16,0,13656.16,10726.8
B02,491,15200,OTROS INCENTIVOS AL RENDIMIENTO,4958.4,0,4958.4,4958.4
B02,491,16000,SEGURIDAD SOCIAL.,39251.96,0,39251.96,35916.04
B02,491,16200,FORMACIÓN Y PERFECCIONAMIENTO DEL PERSONAL.,226.52,0,226.52,256.85
B02,491,16204,ACCIÓN SOCIAL.,1000,0,1000,0
B02,491,16205,SEGUROS.,400,0,400,349.39
B02,491,16209,OTROS GASTOS SOCIALES.,150,0,150,112.11
B02,491,22000,ORDINARIO NO INVENTARIABLE.,1000,0,1000,1062.57
B02,491,22001,"PRENSA, REVISTAS, LIBROS Y OTRAS PUBLICACIONES.",50000,0,50000,737.1
B02,491,22200,SERVICIOS DE TELECOMUNICACIONES.,4000,0,4000,1893.4
B02,491,22621,"NOTIFICACIONES, BANDOS E INFORMAS",8000,0,8000,0
B02,491,22622,PUBLICACIONES EN PERIODICOS,15000,0,15000,11410.3
B02,491,22721,CONTRATO SERVICIO REPARTOS,2000,0,2000,1326
B02,491,22738,SERVICIOS DEPARTAMENTO PRENSA,30000,0,30000,30633.95
B02,491,62600,INVERSION NUEVA EN EQUIPOS DE COMUNICACION,90000,0,90000,2302.63
B02,491,62603,INVERSION PARA LA DIFUSION DE ACTOS INSTITUCIONALE,30000,0,30000,981.61
B02,923,13000,RETRIBUCIONES BÁSICAS LABORAL FIJO,61594.96,0,61594.96,0
B02,923,13002,OTRAS REMUNERACIONES LABORAL FIJO,30948.4,0,30948.4,0
B02,923,15000,PRODUCTIVIDAD,9061.36,0,9061.36,0
B02,923,16000,SEGURIDAD SOCIAL.,31372.88,0,31372.88,28706.57
B02,923,16200,FORMACIÓN Y PERFECCIONAMIENTO DEL PERSONAL.,722.4,0,722.4,96.73
B02,923,16204,ACCIÓN SOCIAL.,1000,0,1000,0
B02,923,16205,SEGUROS.,200,0,200,174.7
B02,923,16209,OTROS GASTOS SOCIALES.,100,0,100,75.75
B03,492,13000,RETRIBUCIONES BÁSICAS LABORAL FIJO,23271.68,0,23271.68,23271.68
B03,492,13002,OTRAS REMUNERACIONES LABORAL FIJO,10218.74,0,10218.74,10218.74
B03,492,13100,RETRIBUCIONES LABORAL TEMPORAL,41013.56,0,41013.56,34968.92
B03,492,15000,PRODUCTIVIDAD,11750.9,0,11750.9,12950.9
B03,492,16000,SEGURIDAD SOCIAL.,101733.3,0,101733.3,93087.22
B03,492,16200,FORMACIÓN Y PERFECCIONAMIENTO DEL PERSONAL.,561.82,0,561.82,637.06
B03,492,16204,ACCIÓN SOCIAL.,1000,0,1000,0
B03,492,16205,SEGUROS.,300,0,300,262.05
B03,492,16209,OTROS GASTOS SOCIALES.,150,0,150,112.11
B03,492,20600,ARRENDAMIENTO EQUIPOS PROCESOS DE INFORMACION,15000,0,15000,13002.82
B03,492,21600,"REPARACIONES, MTO Y CONSERVACION EQUIPOS PROCESOS DE INFORMA",5000,0,5000,0
B03,492,22002,MATERIAL INFORMÁTICO NO INVENTARIABLE.,5000,0,5000,1540.56
B03,492,22200,SERVICIOS DE TELECOMUNICACIONES.,10000,0,10000,91228.18
B03,492,22690,GASTOS DIVERSOS DE INFORMATICA,5000,0,5000,1187.34
B03,492,22736,MANTENIMIENTO APLICACIONES INFORMÁTICAS,200000,0,200000,83800.21
B03,492,62600,INVERSION NUEVA EN EQUIPOS DE COMUNICACION,80000,0,80000,37184.16
B03,492,62601,CONEXION NUEVOS EDIFICIOS MUNICIPALES,490000,0,490000,435104.34
B03,492,63600,EQUIPOS PARA PROCESOS DE INFORMACIÓN.,20000,0,20000,6501.69
B03,492,64100,GTOS. EN APLICACIONES INFORMATICAS,120000,0,120000,25218.06
B03,492,64101,APLICACIONES E-ADMINISTRACION,40000,0,40000,0
B04,922,12000,SUELDOS DEL GRUPO A1.,44031.96,0,44031.96,29354.64
B04,922,12001,SUELDOS DEL GRUPO A2.,25813.04,0,25813.04,25813.04
B04,922,12003,SUELDOS DEL GRUPO C1.,29654.52,0,29654.52,33862.55
B04,922,12006,TRIENIOS.,27285.03,0,27285.03,26726.89
B04,922,12100,COMPLEMENTO DE DESTINO.,73069.92,0,73069.92,60260.68
B04,922,12101,COMPLEMENTO ESPECÍFICO.,117225.78,0,117225.78,115550.28
B04,922,13000,RETRIBUCIONES BÁSICAS LABORAL FIJO,65803.3,0,65803.3,65568.79
B04,922,13002,OTRAS REMUNERACIONES LABORAL FIJO,27896.68,0,27896.68,28145.68
B04,922,13100,RETRIBUCIONES LABORAL TEMPORAL,39209.52,0,39209.52,33126.63
B04,922,14300,OTRO PERSONAL,30000,0,30000,0
B04,922,15000,PRODUCTIVIDAD,50825.04,0,50825.04,51111.6
B04,922,16000,SEGURIDAD SOCIAL.,133704.73,0,133704.73,127239.81
B04,922,16200,FORMACIÓN Y PERFECCIONAMIENTO DEL PERSONAL.,480.48,0,480.48,544.84
B04,922,16204,ACCIÓN SOCIAL.,10000,0,10000,4403.1
B04,922,16205,SEGUROS.,3000,0,3000,2659.54
B04,922,16209,OTROS GASTOS SOCIALES.,2000,0,2000,1503.14
B04,922,20600,ARRENDAMIENTO EQUIPOS PROCESOS DE INFORMACION,8000,0,8000,6934.12
B04,922,21200,REPARACIONES MANTENIMIENTO Y CONSERVACION EDIFICIOS,10000,0,10000,4314.32
B04,922,21400,REPARACION MANTENIMIENTO Y CONSERVACION ELEMENTOS TRANSPORTE,1000,0,1000,619.56
B04,922,22000,ORDINARIO NO INVENTARIABLE.,20000,0,20000,14603.8
B04,922,22100,ENERGÍA ELÉCTRICA.,128000,0,128000,126284.34
B04,922,22101,AGUA.,4000,0,4000,7120.85
B04,922,22103,COMBUSTIBLES Y CARBURANTES.,12000,0,12000,23737.92
B04,922,22104,VESTUARIO.,1000,0,1000,0
B04,922,22110,PRODUCTOS DE LIMPIEZA Y ASEO.,6000,0,6000,733.92
B04,922,22200,SERVICIOS DE TELECOMUNICACIONES.,27000,0,27000,15722.24
B04,922,22201,POSTALES.,40000,0,40000,21576.97
B04,922,22603,PUBLICACIÓN EN DIARIOS OFICIALES.,50000,0,50000,24234.45
B04,922,22604,"JURÍDICOS, CONTENCIOSOS.",75000,0,75000,50366.57
B04,922,22690,GASTOS DIVERSOS ADMON. GENERAL,6000,0,6000,1089.21
B04,922,22716,CONTRATO MANT. ADMON. GENERAL,35000,0,35000,2319.53
B04,922,22718,MANTENIMIENTO ASCENSORES,9000,0,9000,8618.53
B04,922,22719,MANTENIMIENTO CLIMATIZACION,25000,0,25000,13526.05
B04,922,22720,MANTENIMIENTO ALARMAS EDIFICIOS,22000,0,22000,13359.12
B04,922,23120,DEL PERSONAL NO DIRECTIVO.,1000,0,1000,1399.28
B04,922,62500,INVERSION NUEVA EN MOBILIARIO,80000,0,80000,4497.55
B04,922,83000,PRESTAMOS C/P AL PERSONAL,30000,0,30000,29500
B04,925,13000,RETRIBUCIONES BÁSICAS LABORAL FIJO,149992.46,0,149992.46,151398.25
B04,925,13002,OTRAS REMUNERACIONES LABORAL FIJO,57940.54,0,57940.54,55905.72
B04,925,13100,RETRIBUCIONES LABORAL TEMPORAL,20320.44,0,20320.44,20320.44
B04,925,15000,PRODUCTIVIDAD,26692.4,0,26692.4,26929.91
B04,925,15200,OTROS INCENTIVOS AL RENDIMIENTO,15205.68,0,15205.68,12460.21
B04,925,16000,SEGURIDAD SOCIAL.,85253.68,0,85253.68,78008.18
B04,925,16200,FORMACIÓN Y PERFECCIONAMIENTO DEL PERSONAL.,1094.8,0,1094.8,1385.61
B04,925,16204,ACCIÓN SOCIAL.,2000,0,2000,872.83
B04,925,16205,SEGUROS.,1000,0,1000,873.5
B04,925,16209,OTROS GASTOS SOCIALES.,500,0,500,375.79
B04,926,13000,RETRIBUCIONES BÁSICAS LABORAL FIJO,149981.3,0,149981.3,202040.58
B04,926,13002,OTRAS REMUNERACIONES LABORAL FIJO,61977.72,0,61977.72,84952.07
B04,926,13100,RETRIBUCIONES LABORAL TEMPORAL,43092.24,0,43092.24,32595.45
B04,926,15000,PRODUCTIVIDAD,35016.53,0,35016.53,40660.48
B04,926,15200,OTROS INCENTIVOS AL RENDIMIENTO,5621.64,0,5621.64,7150.58
B04,926,16000,SEGURIDAD SOCIAL,99114.89,0,99114.89,90691.35
B04,926,16200,FORMACION Y PERFECCIONAMIENTO DEL PERSONAL,1695.68,0,1695.68,2069.56
B04,926,16204,ACCION SOCIAL,1000,0,1000,7983.25
B04,926,16205,SEGUROS,1500,0,1500,1310.24
B04,926,16209,OTROS GASTOS SOCIALES,1000,0,1000,751.55
B04,926,22690,GASTOS DIVERSOS DE COMUNICACIONES,10000,0,10000,101.38
B04,926,22799,OTROS TRABAJOS REALIZADOS POR OTRAS EMPRESAS Y PROFES.,10000,0,10000,7.33
B04,926,44911,SUBVENCION PERDIDAS GESTION LIMPIEZA EDIFICIOS PUB.,2220000,0,2220000,2127712.83
C01,230,20600,ARRENDAMIENTO EQUIPOS PROCESOS DE INFORMACION,18000,0,18000,15598.97
C01,230,21200,REPARACIONES MANTENIMIENTO Y CONSERVACION EDIFICIOS,2000,0,2000,74.34
C01,230,22000,ORDINARIO NO INVENTARIABLE.,2000,0,2000,2624.76
C01,230,22100,ENERGÍA ELÉCTRICA.,50000,0,50000,37197.6
C01,230,22101,AGUA.,9000,0,9000,2371
C01,230,22110,PRODUCTOS DE LIMPIEZA Y ASEO.,2000,0,2000,56.55
C01,230,22200,SERVICIOS DE TELECOMUNICACIONES.,20000,0,20000,9466.96
C01,230,22201,POSTALES.,10000,0,10000,5394.24
C01,230,22690,GASTOS DIVERSOS SERVICIOS SOCIALES,10000,0,10000,599.87
C01,230,22718,MANTENIMIENTO ASCENSORES,14000,0,14000,10466.99
C01,230,22719,MANTENIMIENTO CLIMATIZACION,15000,0,15000,7795.2
C01,230,22799,OTROS TRABAJOS REALIZADOS POR OTRAS EMPRESAS Y PROFES.,18000,0,18000,17818.79
C01,231,12000,SUELDOS DEL GRUPO A1.,14677.32,-14600,77.32,1931.33
C01,231,12003,SUELDOS DEL GRUPO C1.,9884.84,-9800,84.84,0
C01,231,12100,COMPLEMENTO DE DESTINO.,18791.36,-18700,91.36,1591.7
C01,231,12101,COMPLEMENTO ESPECÍFICO.,32904.76,-32900,4.76,1117.28
C01,231,13000,RETRIBUCIONES BÁSICAS LABORAL FIJO,510758.08,-50000,460758.08,434258.89
C01,231,13002,OTRAS REMUNERACIONES LABORAL FIJO,107900.52,0,107900.52,85313.74
C01,231,14300,OTRO PERSONAL COLABORACION SOCIAL,380000,0,380000,70831.08
C01,231,15000,PRODUCTIVIDAD,76967.24,0,76967.24,54321.46
C01,231,16000,SEGURIDAD SOCIAL.,253763.16,0,253763.16,232196.42
C01,231,16200,FORMACIÓN Y PERFECCIONAMIENTO DEL PERSONAL.,4052.72,0,4052.72,4092.36
C01,231,16204,ACCIÓN SOCIAL.,7500,0,7500,6902.71
C01,231,16205,SEGUROS.,1600,0,1600,1397.59
C01,231,16209,OTROS GASTOS SOCIALES.,1200,0,1200,901.59
C01,231,20200,ARRENDAMIENTOS VIVIENDAS IVIMA,5000,0,5000,4919.88
C01,231,22726,CONTRATO SERVICIO AYUDA A DOMICILIO,450000,0,450000,296080.16
C01,231,22760,CONTRATO ESTANCIAS EN RESIDENCIA PRIVADA,475000,0,475000,215599.64
C01,231,22786,TRABAJ OTRAS EMPRESAS Y PROFES: SERVICIO TELEASISTENCIA,35000,0,35000,16018.42
C01,231,22787,TRABAJOTRAS EMPRESAS Y PROF: PROGRAMA DE FAMILIA.,75000,0,75000,7510.25
C01,231,22788,TRAB REALIZADOS POR  EMPRESAS Y PROFES:.AUTONOMIA PERSONAL,50000,0,50000,20738.26
C01,231,23300,OTRAS INDEMNIZACIONES,300000,375900,675900,433083.95
C01,231,48018,EMERGENCIA SOCIAL BASICA,280000,0,280000,34117.29
C01,231,48021,AYUDAS MEJORA HABITABILIDAD,10000,0,10000,10000
C01,231,62300,INVERSION MEJORA ACCESIBILIDAD,250000,-249900,100,0
C02,241,12003,SUELDOS DEL GRUPO C1.,9884.84,0,9884.84,9350.54
C02,241,12006,TRIENIOS.,3250.62,0,3250.62,3250.62
C02,241,12100,COMPLEMENTO DE DESTINO.,6155.8,0,6155.8,6155.8
C02,241,12101,COMPLEMENTO ESPECÍFICO.,5479.6,0,5479.6,5479.6
C02,241,13000,RETRIBUCIONES BÁSICAS LABORAL FIJO,89835.9,0,89835.9,64877.6
C02,241,13002,OTRAS REMUNERACIONES LABORAL FIJO,23175.18,0,23175.18,19229.27
C02,241,15000,PRODUCTIVIDAD,14838.46,0,14838.46,11477.27
C02,241,16000,SEGURIDAD SOCIAL.,71230.18,0,71230.18,65176.47
C02,241,16200,FORMACIÓN Y PERFECCIONAMIENTO DEL PERSONAL.,1449.42,0,1449.42,1499.33
C02,241,16204,ACCIÓN SOCIAL.,4000,0,4000,434.13
C02,241,16205,SEGUROS.,400,0,400,849.79
C02,241,16209,OTROS GASTOS SOCIALES.,300,0,300,225.79
C02,241,20600,ARRENDAMIENTO EQUIPOS PROCESOS DE INFORMACION,9000,0,9000,7799.44
C02,241,21200,REPARACIONES MANTENIMIENTO Y CONSERVACION EDIFICIOS,1000,0,1000,37.02
C02,241,22000,ORDINARIO NO INVENTARIABLE.,1000,0,1000,588.99
C02,241,22100,ENERGÍA ELÉCTRICA.,35000,0,35000,20830.68
C02,241,22101,AGUA.,35000,0,35000,15127.2
C02,241,22102,GAS.,3000,0,3000,0
C02,241,22103,COMBUSTIBLES Y CARBURANTES.,5000,0,5000,1217.61
C02,241,22110,PRODUCTOS DE LIMPIEZA Y ASEO.,1000,0,1000,557.21
C02,241,22200,SERVICIOS DE TELECOMUNICACIONES.,5000,0,5000,11341.03
C02,241,22201,POSTALES.,5000,0,5000,2693.78
C02,241,22690,GASTOS DIVERSOS FORMACION Y EMPLEO,6000,0,6000,10969.05
C02,241,22719,MANTENIMIENTO CLIMATIZACION,9000,0,9000,4677.1
C02,241,22785,TRABAJ OTRAS EMPRESAS Y PROFES- CURSOS FORMACION OCUPACIONAL,125000,0,125000,29370.79
C02,241,62701,ESCUELA DE FORMACION:  HOSTELERIA,300000,0,300000,0
C02,241,62702,ESCUELA DE FORMACION: TURISMO,300000,0,300000,0
C02,241,62703,ESCUELA DE FORMACION: AERONAUTICA,300000,0,300000,0
D01,130,12000,SUELDOS DEL GRUPO A1.,14677.32,0,14677.32,10967.22
D01,130,12001,SUELDOS DEL GRUPO A2.,12906.52,0,12906.52,13373.4
D01,130,12003,SUELDOS DEL GRUPO C1.,29654.52,0,29654.52,39255.19
D01,130,12004,SUELDOS DEL GRUPO C2.,418929,0,418929,405941.88
D01,130,12006,TRIENIOS.,71132.53,0,71132.53,65610.95
D01,130,12100,COMPLEMENTO DE DESTINO.,305632.04,0,305632.04,259560.34
D01,130,12101,COMPLEMENTO ESPECÍFICO.,995347.64,0,995347.64,807973.4
D01,130,15000,PRODUCTIVIDAD,219483.32,0,219483.32,204314.82
D01,130,15100,GRATIFICACIONES,19438,0,19438,24048.19
D01,130,15200,OTROS INCENTIVOS AL RENDIMIENTO,8745.8,0,8745.8,81811.3
D01,130,15300,COMPLEMENTO DEDICACION ESPECIAL,5161.24,0,5161.24,4104.36
D01,130,16000,SEGURIDAD SOCIAL,549392.07,0,549392.07,504536.85
D01,130,16200,FORMACIÓN Y PERFECCIONAMIENTO DEL PERSONAL.,1500,0,1500,200.88
D01,130,16204,ACCIÓN SOCIAL.,10000,0,10000,22005.36
D01,130,16205,SEGUROS.,2000,0,2000,1746.99
D01,130,16209,OTROS GASTOS SOCIALES.,1000,0,1000,751.55
D01,130,20400,ARRENDAMIENTO MATERIAL DE TRANSPORTE,29000,0,29000,7499.61
D01,130,20600,ARRENDAMIENTO EQUIPOS PROCESOS DE INFORMACION,7000,0,7000,6068.71
D01,130,21200,REPARACIONES MANTENIMIENTO Y CONSERVACION EDIFICIOS,1000,0,1000,983.53
D01,130,21300,REPARACIONES MANTENIMIENTO Y CONSERVACION MAQUINARIA,3000,0,3000,1808.56
D01,130,21400,REPARACION MANTENIMIENTO Y CONSERVACION ELEMENTOS TRANSPORTE,6000,0,6000,17047.7
D01,130,22000,ORDINARIO NO INVENTARIABLE.,3000,0,3000,3266.73
D01,130,22100,ENERGÍA ELÉCTRICA.,4000,0,4000,3747.33
D01,130,22101,AGUA.,2000,0,2000,653.45
D01,130,22103,COMBUSTIBLES Y CARBURANTES.,18000,0,18000,4380.52
D01,130,22104,VESTUARIO.,60000,0,60000,57411.26
D01,130,22110,PRODUCTOS DE LIMPIEZA Y ASEO.,1000,0,1000,0
D01,130,22115,UTILES SEGURIDAD VIAL,8000,0,8000,9112.15
D01,130,22118,UTILES SEGURIDAD CIUDADANA,5000,0,5000,6580.26
D01,130,22200,SERVICIOS DE TELECOMUNICACIONES.,10000,0,10000,6884
D01,130,22201,POSTALES.,10000,0,10000,5394.24
D01,130,22637,GASTOS DIVERSOS SEGURIDAD CIUDADANA,10000,0,10000,5134.61
D01,130,22715,CONTRATOS SERVICIO RETIRADA VEHICULOS VIA PUBLICA,12000,0,12000,7229.63
D01,130,22784,TRABAJ. OTRAS EMPRESAS Y PROFES:UNIDAD MOTORIZADA DE POLICIA,10000,0,10000,0
D01,130,23120,DEL PERSONAL NO DIRECTIVO.,1000,0,1000,5.7
D01,130,61902,REORGANIZACION DE APARCAMIENTOS EN PARQUE EUROPA,271000,0,271000,146258.78
D01,130,61906,INVERSION ADECUACION PASO DE PEATONES Y RESALTOS,275000,0,275000,0
D01,130,62400,ELEMENTOS DE TRANSPORTE.,22000,0,22000,5824.92
D01,130,63209,INVERS. Y REPOS.EDIFICIOS SEGURIDAD,76000,0,76000,0
D01,130,63300,PLAN MUNICIPAL DE SEGURIDAD DEL COMERCIO,12000,0,12000,0
D01,130,63306,PLAN DE MOVILIDAD,11000,0,11000,0
D01,130,63400,INVERSION DE REPOSICION EN ELEMENTOS DE TRANSPORTE,13000,0,13000,0
D01,132,12004,SUELDOS DEL GRUPO C2.,310007.46,0,310007.46,310341.51
D01,132,12006,TRIENIOS.,20399.76,0,20399.76,18910.57
D01,132,12100,COMPLEMENTO DE DESTINO.,181577.34,0,181577.34,163816.81
D01,132,12101,COMPLEMENTO ESPECÍFICO.,605127.6,0,605127.6,546882.99
D01,132,15000,PRODUCTIVIDAD,140867.16,0,140867.16,127152.91
D01,132,15100,GRATIFICACIONES,14384.12,0,14384.12,18531.34
D01,132,16000,SEGURIDAD SOCIAL.,352136.56,0,352136.56,322209.28
D01,132,16200,FORMACIÓN Y PERFECCIONAMIENTO DEL PERSONAL.,1500,0,1500,200.78
D01,132,16204,ACCIÓN SOCIAL.,15000,0,15000,12639.9
D01,132,16205,SEGUROS.,4000,0,4000,8637.78
D01,132,16209,OTROS GASTOS SOCIALES.,5000,0,5000,4038.41
D02,134,13000,RETRIBUCIONES BÁSICAS LABORAL FIJO,183346.54,0,183346.54,155720.01
D02,134,13002,OTRAS REMUNERACIONES LABORAL FIJO,22913.52,0,22913.52,12675.68
D02,134,13100,RETRIBUCIONES LABORAL TEMPORAL,14955.5,0,14955.5,14955.5
D02,134,15000,PRODUCTIVIDAD,120158.14,0,120158.14,118063.45
D02,134,16000,SEGURIDAD SOCIAL.,122247.24,0,122247.24,111857.72
D02,134,16200,FORMACIÓN Y PERFECCIONAMIENTO DEL PERSONAL.,179.06,0,179.06,200.57
D02,134,16204,ACCIÓN SOCIAL.,5000,0,5000,5978.93
D02,134,16205,SEGUROS.,500,0,500,5470.1
D02,134,16209,OTROS GASTOS SOCIALES.,700,0,700,525.8
D02,134,20400,ARRENDAMIENTO MATERIAL DE TRANSPORTE,22000,0,22000,20535.84
D02,134,21400,REPARACION MANTENIMIENTO Y CONSERVACION ELEMENTOS TRANSPORTE,5000,0,5000,5574.8
D02,134,22103,COMBUSTIBLES Y CARBURANTES.,4000,0,4000,974.45
D02,134,22104,VESTUARIO.,22000,0,22000,9351.46
D02,134,22111,"SUMIN. DE REPUESTOS DE MAQUINARIA, UTILLAJE Y ELEMTOS TPTE.",3000,0,3000,6656.8
D02,134,22118,UTILES PIMER,7000,0,7000,5939.66
D02,134,22200,SERVICIOS DE TELECOMUNICACIONES.,3000,0,3000,3081.56
D02,134,22638,GASTOS DFIVERSOS PROTECCION CIVIL,3000,0,3000,8317.05
D02,134,22700,LIMPIEZA Y ASEO.,1000,0,1000,0
D02,134,62301,"MAQUINARIA, INSTALACIONES TÉCNICAS Y UTILLAJE.",10000,0,10000,5396.68
D02,134,62500,INVERSION NUEVA EN MOBILIARIO,5000,0,5000,2641.36
D02,134,62600,INVERSION NUEVA EN EQUIPOS DE COMUNICACION,5000,0,5000,0
E01,932,12000,SUELDOS DEL GRUPO A1.,29354.64,0,29354.64,14677.32
E01,932,12001,SUELDOS DEL GRUPO A2.,25813.04,0,25813.04,12906.52
E01,932,12003,SUELDOS DEL GRUPO C1.,39539.36,0,39539.36,22304.18
E01,932,12004,SUELDOS DEL GRUPO C2.,8378.58,0,8378.58,8935
E01,932,12006,TRIENIOS.,9663.64,0,9663.64,9692.39
E01,932,12100,COMPLEMENTO DE DESTINO.,68203.24,0,68203.24,36916.04
E01,932,12101,COMPLEMENTO ESPECÍFICO.,85345.82,0,85345.82,44368
E01,932,13000,RETRIBUCIONES BÁSICAS LABORAL FIJO,107006.82,0,107006.82,94716.05
E01,932,13002,OTRAS REMUNERACIONES LABORAL FIJO,34144.46,0,34144.46,28451.64
E01,932,15000,PRODUCTIVIDAD,49637.28,0,49637.28,40500.8
E01,932,16000,SEGURIDAD SOCIAL.,134890.44,0,134890.44,123426.43
E01,932,16200,FORMACIÓN Y PERFECCIONAMIENTO DEL PERSONAL.,1422.68,0,1422.68,1586.82
E01,932,16204,ACCIÓN SOCIAL.,10000,0,10000,6487.02
E01,932,16205,SEGUROS,1100,0,1100,960.85
E01,932,16209,OTROS GASTOS SOCIALES,500,0,500,375.79
E01,932,22766,CONTRATO SERVICIO INSPECCION,55000,0,55000,0
E02,920,12000,SUELDOS DEL GRUPO A1.,14677.32,0,14677.32,14677.32
E02,920,12003,SUELDOS DEL GRUPO C1.,9884.84,0,9884.84,0
E02,920,12006,TRIENIOS.,7901.88,0,7901.88,7901.88
E02,920,12100,COMPLEMENTO DE DESTINO.,18320.82,0,18320.82,12165.02
E02,920,12101,COMPLEMENTO ESPECÍFICO.,38392.48,0,38392.48,32912.88
E02,920,13000,RETRIBUCIONES BÁSICAS LABORAL FIJO,41354.32,0,41354.32,35215.46
E02,920,13002,OTRAS REMUNERACIONES LABORAL FIJO,10959.2,0,10959.2,10294.66
E02,920,15000,PRODUCTIVIDAD,14648.2,0,14648.2,12653.92
E02,920,16000,SEGURIDAD SOCIAL.,39349.6,0,39349.6,33183.3
E02,920,16200,FORMACIÓN Y PERFECCIONAMIENTO DEL PERSONAL.,711.34,0,711.34,763.24
E02,920,16204,ACCIÓN SOCIAL.,3000,0,3000,1430.65
E02,920,16205,SEGUROS.,500,0,500,436.74
E02,920,16209,OTROS GASTOS SOCIALES.,300,0,300,225.79
E03,432,22652,FOMENTO DEL TURISMO,13000,0,13000,0
E03,432,22771,PROGRAMAS DE PROMOCION TURISTICA,12000,0,12000,0
F01,320,12003,SUELDOS DEL GRUPO C1.,9884.84,0,9884.84,0
F01,320,12100,COMPLEMENTO DE DESTINO.,7137.76,0,7137.76,0
F01,320,12101,COMPLEMENTO ESPECÍFICO.,10348.66,0,10348.66,0
F01,320,13000,RETRIBUCIONES BÁSICAS LABORAL FIJO,123913.3,0,123913.3,121003.05
F01,320,13002,OTRAS REMUNERACIONES LABORAL FIJO,23106.52,0,23106.52,23571.52
F01,320,15000,PRODUCTIVIDAD,32754.54,0,32754.54,29878.66
F01,320,16000,SEGURIDAD SOCIAL.,72996.6,0,72996.6,69614.85
F01,320,16200,FORMACIÓN Y PERFECCIONAMIENTO DEL PERSONAL.,1207.78,0,1207.78,1517.13
F01,320,16204,ACCIÓN SOCIAL.,4000,0,4000,1775.72
F01,320,16205,SEGUROS.,500,0,500,1021.62
F01,320,16209,OTROS GASTOS SOCIALES.,150,0,150,112.11
F01,320,22690,GASTOS DIVERSOS.,4000,0,4000,552.97
F01,320,22699,OTROS GASTOS DIVERSOS,20000,0,20000,14277.04
F01,320,22729,CONTRATO SERVICIO ACTIVIDADES EXTRAESCOLARES,150000,0,150000,104978.73
F01,320,42200,CONVENIO UNED,19000,0,19000,8220
F01,320,48009,CONVENIO ABSENTISMO ESCOLAR,6000,0,6000,0
F01,320,48019,PROGRAMA MUNICIPAL DE APOYO A LA ESCOLARIDAD,25000,0,25000,34036.52
F01,321,13000,RETRIBUCIONES BÁSICAS LABORAL FIJO,392371.32,0,392371.32,352877.09
F01,321,13002,OTRAS REMUNERACIONES LABORAL FIJO,122791.48,0,122791.48,111955.58
F01,321,14300,OTRO PERSONAL,10000,0,10000,20213.91
F01,321,15000,PRODUCTIVIDAD,69177.62,0,69177.62,70347.69
F01,321,16000,SEGURIDAD SOCIAL.,178245.94,0,178245.94,163097.21
F01,321,16200,FORMACIÓN Y PERFECCIONAMIENTO DEL PERSONAL.,4063.64,0,4063.64,4466.29
F01,321,16204,ACCIÓN SOCIAL.,15000,0,15000,6819.84
F01,321,16205,SEGUROS.,1350,0,1350,1179.22
F01,321,16209,OTROS GASTOS SOCIALES.,1000,0,1000,751.55
F01,321,20600,ARRENDAMIENTO EQUIPOS PROCESOS DE INFORMACION,7000,0,7000,6068.71
F01,321,21200,REPARACIONES MANTENIMIENTO Y CONSERVACION EDIFICIOS,6000,0,6000,3711.96
F01,321,22000,ORDINARIO NO INVENTARIABLE.,2000,0,2000,2232.85
F01,321,22100,ENERGÍA ELÉCTRICA.,140000,0,140000,126487.13
F01,321,22101,AGUA.,92000,0,92000,30063.68
F01,321,22102,GAS.,124000,0,124000,187501.41
F01,321,22103,COMBUSTIBLES Y CARBURANTES.,25000,0,25000,11083.79
F01,321,22110,PRODUCTOS DE LIMPIEZA Y ASEO.,4000,0,4000,1172.96
F01,321,22200,SERVICIOS DE TELECOMUNICACIONES.,9000,0,9000,4904.11
F01,321,22201,POSTALES.,2000,0,2000,1077.51
F01,321,22690,GASTOS DIVERSOS.,3000,0,3000,2280.93
F01,321,22718,MANTENIMIENTO ASCENSORES,9000,0,9000,6916.2
F01,321,22719,MANTENIMIENTO CLIMATIZACION,18000,0,18000,9680.9
F01,321,22728,CONTRATO MANUTENCION NIÑOS E. INFANTIL,70000,0,70000,56579.89
F01,321,22799,OTROS TRABAJOS REALIZADOS POR OTRAS EMPRESAS Y PROFES.,5000,0,5000,0
F01,321,44907,SUBVENCION PERDIDAS GESTION EDUCACION,130000,0,130000,130000
F01,321,48006,TRANSFERENCIAS ESCUELAS INFANTILES,550000,0,550000,275738.49
F01,321,63200,INVERSION Y MEJORA EN CENTROS EDUCATIVOS,50000,0,50000,28276.41
F01,324,13000,RETRIBUCIONES BÁSICAS LABORAL FIJO,322466.93,0,322466.93,295455.71
F01,324,13002,OTRAS REMUNERACIONES LABORAL FIJO,57409.63,0,57409.63,58588.43
F01,324,15000,PRODUCTIVIDAD,79054.46,0,79054.46,73163.94
F01,324,16000,SEGURIDAD SOCIAL.,147700.84,0,147700.84,135148.11
F01,324,16200,FORMACIÓN Y PERFECCIONAMIENTO DEL PERSONAL.,168.14,0,168.14,64.53
F01,324,16204,ACCIÓN SOCIAL.,1000,0,1000,88.8
F01,324,16205,SEGUROS.,1500,0,1500,1310.24
F01,324,16209,OTROS GASTOS SOCIALES.,700,0,700,525.8
F01,324,20600,ARRENDAMIENTO EQUIPOS PROCESOS DE INFORMACION,7000,0,7000,6068.71
F01,324,21200,REPARACIONES MANTENIMIENTO Y CONSERVACION EDIFICIOS,3000,0,3000,111.37
F01,324,22100,ENERGÍA ELÉCTRICA.,11000,0,11000,18064.61
F01,324,22101,AGUA.,3000,0,3000,4418.02
F01,324,22110,PRODUCTOS DE LIMPIEZA Y ASEO.,1000,0,1000,150.6
F01,324,22200,SERVICIOS DE TELECOMUNICACIONES.,5000,0,5000,2363.31
F01,324,22615,GASTOS ESCUELA MUSICA,2000,0,2000,529.98
F01,324,22719,MANTENIMIENTO CLIMATIZACION,8000,0,8000,4763
F02,337,12003,SUELDOS DEL GRUPO C1.,9884.84,0,9884.84,11767.72
F02,337,12006,TRIENIOS.,2946.28,0,2946.28,2669.85
F02,337,12100,COMPLEMENTO DE DESTINO.,6155.8,0,6155.8,5584.19
F02,337,12101,COMPLEMENTO ESPECÍFICO.,5479.6,0,5479.6,4970.78
F02,337,13000,RETRIBUCIONES BÁSICAS LABORAL FIJO,46984.58,0,46984.58,46882.5
F02,337,13002,OTRAS REMUNERACIONES LABORAL FIJO,5045.04,0,5045.04,5045.04
F02,337,15000,PRODUCTIVIDAD,9296.84,0,9296.84,9010.91
F02,337,16000,SEGURIDAD SOCIAL.,32665.34,0,32665.34,29889.18
F02,337,16200,FORMACIÓN Y PERFECCIONAMIENTO DEL PERSONAL.,841.68,0,841.68,954.38
F02,337,16204,ACCIÓN SOCIAL.,10000,0,10000,5461.66
F02,337,16205,SEGUROS.,500,0,500,436.74
F02,337,16209,OTROS GASTOS SOCIALES.,200,0,200,150
F02,337,22690,GASTOS DIVERSOS.,30000,0,30000,21959.1
F02,337,22745,CONTRATO CAMPAMENTO URBANO,70000,0,70000,1804.55
F02,337,22746,CONTRATO GESTION LUDOTECA MPAL,80000,0,80000,69285.08
G01,912,13000,RETRIBUCIONES BÁSICAS LABORAL FIJO,44360.82,0,44360.82,32415.41
G01,912,13002,OTRAS REMUNERACIONES LABORAL FIJO,23713.2,0,23713.2,14594.71
G01,912,15000,PRODUCTIVIDAD,14018.18,0,14018.18,10569.37
G01,912,15200,OTROS INCENTIVOS AL RENDIMIENTO,3744.36,0,3744.36,2808.27
G01,912,16000,SEGURIDAD SOCIAL.,320733.86,0,320733.86,293475.43
G01,912,16200,FORMACIÓN Y PERFECCIONAMIENTO DEL PERSONAL.,574.14,0,574.14,578.91
G01,912,16204,ACCIÓN SOCIAL.,1000,0,1000,134.4
G01,912,16205,SEGUROS.,300,0,300,262.05
G01,912,16209,OTROS GASTOS SOCIALES.,120,0,120,89.4
G01,912,22601,ATENCIONES PROTOCOLARIAS Y REPRESENTATIVAS.,8000,0,8000,11010.86
G01,912,22610,ACTOS INSTITUCIONALES,12000,0,12000,812.42
G02,912,10000,RETRIBUCIONES BÁSICAS MIEMBROS DE LOS ORGANOS DE GOBIERNO,537414.86,0,537414.86,537415.2
G02,912,11000,RETRIBUCIONES BÁSICAS PERSONAL EVENTUAL,434020.58,0,434020.58,456537.78
G02,912,23301,INDEMNIZACIONES POR ASISTENCIAS A ORGANOS MPALES,100000,0,100000,93094.01
G02,912,48000,TRANSFERENCIAS GRUPOS MPALES,60000,0,60000,50048
H01,313,12000,SUELDOS DEL GRUPO A1.,14677.32,0,14677.32,12883.91
H01,313,12006,TRIENIOS.,1128.84,0,1128.84,990.92
H01,313,12100,COMPLEMENTO DE DESTINO.,11141.9,0,11141.9,9550.2
H01,313,12101,COMPLEMENTO ESPECÍFICO.,7820.96,0,7820.96,6703.68
H01,313,13000,RETRIBUCIONES BÁSICAS LABORAL FIJO,46400.62,0,46400.62,54131.61
H01,313,13002,OTRAS REMUNERACIONES LABORAL FIJO,13670.44,0,13670.44,17380.44
H01,313,15000,PRODUCTIVIDAD,9640.4,0,9640.4,11561.58
H01,313,16000,SEGURIDAD SOCIAL.,32317.94,0,32317.94,24954.29
H01,313,16200,FORMACIÓN Y PERFECCIONAMIENTO DEL PERSONAL.,601.58,0,601.58,682.13
H01,313,16204,ACCIÓN SOCIAL.,2000,0,2000,683.54
H01,313,16205,SEGUROS.,500,0,500,436.74
H01,313,16209,OTROS GASTOS SOCIALES,100,0,100,21.69
H01,313,22640,ACTIVIDADES RED CIUDADES SALUDABLES,1000,0,1000,0
H01,313,22690,GASTOS DIVERSOS SALUD,5000,0,5000,0
H01,313,22700,LIMPIEZA Y ASEO.,25000,0,25000,19097.2
H01,313,22744,PROGRAMAS DE SALUD PUBLICA,33000,0,33000,14887.75
H01,313,22768,T.R.O.E.P. CONTROL E INSPECCION DE AGUAS,6000,0,6000,1751.56
H02,493,13000,RETRIBUCIONES BÁSICAS LABORAL FIJO,57914.74,0,57914.74,47894.78
H02,493,13002,OTRAS REMUNERACIONES LABORAL FIJO,19231.1,0,19231.1,20015.94
H02,493,15000,PRODUCTIVIDAD,7898.38,0,7898.38,7675.5
H02,493,16000,SEGUROS SOCIALES,33225.8,0,33225.8,30402.01
H02,493,16200,FORMACIÓN Y PERFECCIONAMIENTO DEL PERSONAL.,329.98,0,329.98,374.19
H02,493,16204,ACCIÓN SOCIAL.,1000,0,1000,409.55
H02,493,16205,SEGUROS.,300,0,300,262.05
H02,493,16209,OTROS GASTOS SOCIALES.,100,0,100,75.75
H02,493,20600,ARRENDAMIENTO EQUIPOS PROCESOS DE INFORMACION,7000,0,7000,6068.71
H02,493,21200,REPARACIONES MANTENIMIENTO Y CONSERVACION EDIFICIOS,3000,0,3000,111.37
H02,493,22000,ORDINARIO NO INVENTARIABLE.,1000,0,1000,562.83
H02,493,22100,ENERGÍA ELÉCTRICA.,13000,0,13000,8086.2
H02,493,22101,AGUA.,1000,0,1000,273.9
H02,493,22102,GAS.,2000,0,2000,1811.31
H02,493,22110,PRODUCTOS DE LIMPIEZA Y ASEO.,1000,0,1000,302.27
H02,493,22200,SERVICIOS DE TELECOMUNICACIONES.,5000,0,5000,2363.31
H02,493,22201,POSTALES.,3000,0,3000,1616.27
H02,493,22608,ACTIVIDADES OMIC,3000,0,3000,0
H02,493,22719,MANTENIMIENTO CLIMATIZACION,1000,0,1000,519.7
H03,233,20600,ARRENDAMIENTO EQUIPOS PROCESOS DE INFORMACION,7000,0,7000,6068.71
H03,233,22100,ENERGÍA ELÉCTRICA.,18000,0,18000,8894.47
H03,233,22101,AGUA.,3000,0,3000,2403.07
H03,233,22102,GAS.,5000,0,5000,1447.12
H03,233,22110,PRODUCTOS DE LIMPIEZA Y ASEO.,1000,0,1000,384.58
H03,233,22200,SERVICIOS DE TELECOMUNICACIONES.,3000,0,3000,1113.82
H03,233,22635,ACTIVIDADES COLECTIVO MAYORES,3000,0,3000,2695.44
H03,233,22690,GASTOS DIVERSOS.,5000,0,5000,600
H03,233,22719,MANTENIMIENTO CLIMATIZACION,6000,0,6000,3118.1
H03,233,22724,COMIDA CONFRATERNIZACION,9000,0,9000,0
H03,233,22754,CENTRO DE OCIO MAYORES,120000,0,120000,150230
I01,924,20600,ARRENDAMIENTO EQUIPOS PROCESOS DE INFORMACION,8000,0,8000,6934.12
I01,924,22100,ENERGÍA ELÉCTRICA.,13000,0,13000,9994.96
I01,924,22101,AGUA.,2000,0,2000,1077.78
I01,924,22110,PRODUCTOS DE LIMPIEZA Y ASEO.,1000,0,1000,19.57
I01,924,22200,SERVICIOS DE TELECOMUNICACIONES.,2000,0,2000,1202.12
I01,924,22650,PUNTO MUNICIPAL SOLIDARIO,3000,0,3000,0
I01,924,22651,PUNTO DE INFORMACION ASOCIATIVA,3000,0,3000,0
I01,924,22690,GASTOS DIVERSOS.,3000,0,3000,383.26
I01,924,22719,MANTENIMIENTO CLIMATIZACION,5000,0,5000,2598.4
I01,924,48022,AYUDAS Y SUBVENCIONES A  ORGANIZACIONES VECINALES,80000,0,80000,150
I01,924,63214,MEJORA DE ACCESIBILIDAD C.M. MIGUEL ANGEL BLANCO,80000,0,80000,11696.07
I02,232,13000,RETRIBUCIONES BÁSICAS LABORAL FIJO,90241.54,0,90241.54,98292.33
I02,232,13002,OTRAS REMUNERACIONES LABORAL FIJO,19528.6,0,19528.6,24315.79
I02,232,13100,RETRIBUCIONES LABORAL TEMPORAL,35922.46,0,35922.46,21878.48
I02,232,15000,PRODUCTIVIDAD,17249.96,0,17249.96,18496.54
I02,232,16000,SEGURIDAD SOCIAL.,54726.74,0,54726.74,50075.63
I02,232,16200,FORMACIÓN Y PERFECCIONAMIENTO DEL PERSONAL.,630.7,0,630.7,715.17
I02,232,16204,ACCIÓN SOCIAL.,1000,0,1000,3246.74
I02,232,16205,SEGUROS,500,0,500,436.74
I02,232,16209,OTROS GASTOS SOCIALES.,200,0,200,150
I02,232,20600,ARRENDAMIENTO EQUIPOS PROCESOS DE INFORMACION,7000,0,7000,6068.71
I02,232,21200,REPARACIONES MANTENIMIENTO Y CONSERVACION EDIFICIOS,4000,0,4000,148.69
I02,232,22000,ORDINARIO NO INVENTARIABLE.,2000,0,2000,1125.65
I02,232,22100,ENERGÍA ELÉCTRICA.,5000,0,5000,0
I02,232,22101,AGUA.,1000,0,1000,330.64
I02,232,22110,PRODUCTOS DE LIMPIEZA Y ASEO.,1000,0,1000,63.19
I02,232,22200,SERVICIOS DE TELECOMUNICACIONES.,5000,0,5000,2925.65
I02,232,22201,POSTALES.,10000,0,10000,5394.24
I02,232,22606,"REUNIONES, CONFERENCIAS Y CURSOS.",2000,0,2000,0
I02,232,22632,PLAN DE IGUALDAD,7000,0,7000,3450
I02,232,22633,PREVENCION Y ATENCION VIOLENCIA GENERO,10000,0,10000,6573.62
I02,232,22634,CORRESPONSABILIDAD EN LA PROMOCION DE LA IGUALDAD,17000,0,17000,10985.53
I02,232,22660,IGUALDAD DE OPORTUNIDADES,7000,0,7000,4000
I02,232,22718,MANTENIMIENTO ASCENSORES,5000,0,5000,3740.28
I02,232,22719,MANTENIMIENTO CLIMATIZACION,7000,0,7000,3637.8
J01,011,31000,INTERESES DE PRESTAMOS Y OTRAS OPER. FINANCIERAS EN EUROS,1500000,0,1500000,1326387.54
J01,011,31001,INTERESES OPERACION TESORERIA,150000,0,150000,0
J01,011,91100,AMORTIZACION PRESTAMOS A L/P VIVIENDAS,30000,0,30000,31126.6
J01,011,91101,AMORTIZACION PRESTAMO C.EDUCATIVOS,2145000,0,2145000,945387.8
J01,011,91102,AMORTIZACION PRESTAMOS A L/P REFUNDICION Y OTROS,665000,0,665000,663268.9
J01,011,91103,AMORTIZACION PRESTAMOS ABONO PROVEEDORES,1865000,0,1865000,1942797.69
J01,011,91105,AMORTIZACION PRESTAMO LINEA ICO,545000,0,545000,559352.58
J01,011,91106,AMORT DE PRÉSTAMO RDL 882013,0,0,0,0
J01,931,12000,SUELDOS DEL GRUPO A1.,44031.96,-29200,14831.96,14469.8
J01,931,12003,SUELDOS DEL GRUPO C1.,9884.84,0,9884.84,9884.84
J01,931,12006,TRIENIOS.,7077.25,0,7077.25,7073.67
J01,931,12100,COMPLEMENTO DE DESTINO.,44518.88,-22000,22518.88,20700.26
J01,931,12101,COMPLEMENTO ESPECÍFICO.,87865.68,-30000,57865.68,54952.8
J01,931,13000,RETRIBUCIONES BÁSICAS LABORAL FIJO,94293.86,0,94293.86,89583.97
J01,931,13002,OTRAS REMUNERACIONES LABORAL FIJO,33006.54,0,33006.54,27434.09
J01,931,15000,PRODUCTIVIDAD,32873.12,0,32873.12,23481.36
J01,931,16000,SEGURIDAD SOCIAL.,92391.31,-10000,82391.31,84539.19
J01,931,16200,FORMACIÓN Y PERFECCIONAMIENTO DEL PERSONAL.,356.56,0,356.56,196.63
J01,931,16204,ACCIÓN SOCIAL.,3000,0,3000,2152.12
J01,931,16205,SEGUROS.,400,0,400,349.39
J01,931,16209,OTROS GASTOS SOCIALES.,300,0,300,225.79
J01,931,22501,TRIBUTOS DE LAS COMUNIDADES AUTÓNOMAS: ELIMINACION DE RESIDU,200000,141600,341600,337711.77
J01,931,22502,TRIBUTOS AUTONOMICOS SERVICIO PREVENCION Y EXTINCION INCENDI,1400000,0,1400000,1408406.91
J01,931,22690,GASTOS DIVERSOS.,10000,0,10000,0
J01,931,22698,GASTOS RECONOCIMIENTO JUDICIAL DE CREDITOS,150000,123600,273600,134187.06
J01,931,22699,GASTOS RECONOCIMIENTO EXTRAJUDICIAL DE CREDITO,225000,0,225000,221213.26
J01,931,22779,GASTOS CONTRATO ASESORIA ECONOMICA,25000,0,25000,0
J01,931,45320,APORTACION AL CONSORCIO DE TRANSPORTES,300000,-174000,126000,125126.67
J01,934,12000,SUELDOS DEL GRUPO A1.,29354.64,-12000,17354.64,14677.32
J01,934,12006,TRIENIOS.,5079.78,0,5079.78,5079.78
J01,934,12100,COMPLEMENTO DE DESTINO.,25216.1,-10000,15216.1,13562.5
J01,934,12101,COMPLEMENTO ESPECÍFICO.,44616.88,0,44616.88,44604.14
J01,934,13000,RETRIBUCIONES BÁSICAS LABORAL FIJO,58686.6,0,58686.6,52056.29
J01,934,13002,OTRAS REMUNERACIONES LABORAL FIJO,21677.6,0,21677.6,21677.6
J01,934,15000,PRODUCTIVIDAD,17870.3,0,17870.3,17870.3
J01,934,16000,SEGURIDAD SOCIAL.,53317.62,-8000,45317.62,48786.25
J01,934,16200,FORMACIÓN Y PERFECCIONAMIENTO DEL PERSONAL.,480.48,0,480.48,544.84
J01,934,16204,ACCIÓN SOCIAL.,3000,0,3000,2540.51
J01,934,16205,SEGUROS.,400,0,400,349.39
J01,934,16209,OTROS GASTOS SOCIALES.,300,0,300,225.79
J01,934,35200,INTERESES DE DEMORA,1050000,129900,1179900,1214973.34
J01,934,35900,OTROS GASTOS FINANCIEROS,50000,0,50000,13301.21
J01,934,60000,INVERSIONES EN TERRENOS,100000,-99900,100,0
J02,933,13000,RETRIBUCIONES BÁSICAS LABORAL FIJO,52452.54,0,52452.54,49430.22
J02,933,13002,OTRAS REMUNERACIONES LABORAL FIJO,38392.62,0,38392.62,38392.62
J02,933,15000,PRODUCTIVIDAD,9239.3,0,9239.3,9239.3
J02,933,16000,SEGURIDAD SOCIAL.,27178.98,0,27178.98,24869.11
J02,933,16200,FORMACIÓN Y PERFECCIONAMIENTO DEL PERSONAL.,336.56,0,336.56,379.43
J02,933,16204,ACCIÓN SOCIAL.,2000,0,2000,1744.32
J02,933,16205,SEGUROS.,300,0,300,262.05
J02,933,16209,OTROS GASTOS SOCIALES.,100,0,100,75.75
J02,933,22400,SEGUROS DE RESPONSABILIDAD CIVIL,75000,0,75000,51998.81
J02,933,22403,SEGUROS INMUEBLES MUNICIPALES,55000,0,55000,57074.2
J02,933,22404,SEGUROS ELEMENTOS DE TRANSPORTE,30000,0,30000,12642.2
J02,933,22636,GASTOS MANTENIMIENTO VIVIENDAS MPALES,50000,0,50000,17413.55
J02,933,23300,OTRAS INDEMNIZACIONES,30000,0,30000,6304.44
K01,330,12001,SUELDOS DEL GRUPO A2.,12906.52,0,12906.52,12906.52
K01,330,12006,TRIENIOS.,3190.11,0,3190.11,3206.04
K01,330,12100,COMPLEMENTO DE DESTINO.,8160.88,0,8160.88,8160.88
K01,330,12101,COMPLEMENTO ESPECÍFICO.,13832.84,0,13832.84,13832.84
K01,330,13000,RETRIBUCIONES BÁSICAS LABORAL FIJO,161282.28,0,161282.28,117168.03
K01,330,13002,OTRAS REMUNERACIONES LABORAL FIJO,46299.26,0,46299.26,27960.37
K01,330,15000,PRODUCTIVIDAD,31744.68,0,31744.68,18395.12
K01,330,15200,OTROS INCENTIVOS AL RENDIMIENTO,15792.64,0,15792.64,12921.38
K01,330,16000,SEGURIDAD SOCIAL.,93382.45,0,93382.45,85446.11
K01,330,16200,FORMACIÓN Y PERFECCIONAMIENTO DEL PERSONAL.,1208.34,0,1208.34,1288.79
K01,330,16204,ACCIÓN SOCIAL.,6000,0,6000,4346.56
K01,330,16205,SEGUROS.,700,0,700,611.45
K01,330,16209,OTROS GASTOS SOCIALES.,500,0,500,375.79
K01,330,20600,ARRENDAMIENTO EQUIPOS PROCESOS DE INFORMACION,7000,0,7000,6068.71
K01,330,20900,CÁNONES.,4000,0,4000,242
K01,330,21200,REPARACIONES MANTENIMIENTO Y CONSERVACION EDIFICIOS,2000,0,2000,7226.85
K01,330,22000,ORDINARIO NO INVENTARIABLE.,3000,0,3000,2967.57
K01,330,22100,ENERGÍA ELÉCTRICA.,88000,0,88000,97092.52
K01,330,22101,AGUA.,5000,0,5000,3904
K01,330,22102,GAS.,20000,0,20000,13398.97
K01,330,22103,COMBUSTIBLES Y CARBURANTES.,3000,0,3000,729.53
K01,330,22110,PRODUCTOS DE LIMPIEZA Y ASEO.,1000,0,1000,63.94
K01,330,22200,SERVICIOS DE TELECOMUNICACIONES.,6000,0,6000,2840.08
K01,330,22201,POSTALES.,5000,0,5000,2700.48
K01,330,22401,SEGUROS SUSPENSION DE ACTUACIONES,3000,0,3000,719.28
K01,330,22607,FESTEJOS TAURINOS,25000,0,25000,16130
K01,330,22618,PINTO VERANO,20000,0,20000,19269.32
K01,330,22619,FIESTAS CARNAVALES Y NAVIDAD,35000,0,35000,31504.89
K01,330,22620,PROMOCION BANDA MPAL Y CORO,27000,0,27000,15301.61
K01,330,22623,FIESTAS PATRONALES,130000,0,130000,137127.64
K01,330,22630,PROGRAMACION SOCIOCULTURAL,10000,0,10000,8932.38
K01,330,22670,VIVE LA NAVIDAD,10000,0,10000,4725
K01,330,22690,GASTOS DIVERSOS CULTURA,4000,0,4000,2734.41
K01,330,22718,MANTENIMIENTO ASCENSORES,9000,0,9000,6730.55
K01,330,22719,MANTENIMIENTO CLIMATIZACION,20000,0,20000,34700.4
K01,330,22730,CONTRATO ILUMINACION FIESTAS,49000,0,49000,33732.74
K01,330,22732,CONTRATO FUEGOS ARTIFICIALES,14000,0,14000,12000
K01,330,48011,"PREMIOS, CARTELES Y CERTAMENES",3000,0,3000,0
K01,330,48020,CATALOGACION PATRIMONIO HISTORICO,12000,0,12000,12155.87
K01,330,63900,ARQUEOLOGIA Y PATRIMONIO HISTORICO,20000,0,20000,0
K01,332,12003,SUELDOS DEL GRUPO C1.,9884.84,0,9884.84,9884.84
K01,332,12006,TRIENIOS.,2946.28,0,2946.28,2946.28
K01,332,12100,COMPLEMENTO DE DESTINO.,6155.8,0,6155.8,6155.8
K01,332,12101,COMPLEMENTO ESPECÍFICO.,5479.6,0,5479.6,5479.6
K01,332,13000,RETRIBUCIONES BÁSICAS LABORAL FIJO,196887.98,0,196887.98,172662.26
K01,332,13002,OTRAS REMUNERACIONES LABORAL FIJO,61750.22,0,61750.22,54229.04
K01,332,15000,PRODUCTIVIDAD,33217.1,0,33217.1,29283.87
K01,332,15200,OTROS INCENTIVOS AL RENDIMIENTO,5056.24,0,5056.24,941.74
K01,332,16000,SEGURIDAD SOCIAL.,116603.44,0,116603.44,106693.57
K01,332,16200,FORMACIÓN Y PERFECCIONAMIENTO DEL PERSONAL.,1018.5,0,1018.5,1281.63
K01,332,16204,ACCIÓN SOCIAL.,10000,0,10000,7031.08
K01,332,16205,SEGUROS.,700,0,700,611.45
K01,332,16209,OTROS GASTOS SOCIALES.,300,0,300,225.79
K01,332,21200,REPARACIONES MANTENIMIENTO Y CONSERVACION EDIFICIOS,2000,0,2000,74.34
K01,332,22001,"PRENSA, REVISTAS, LIBROS Y OTRAS PUBLICACIONES.",8000,0,8000,5010.46
K01,332,22100,ENERGÍA ELÉCTRICA.,5000,0,5000,17471.63
K01,332,22101,AGUA.,3000,0,3000,2459.57
K01,332,22110,PRODUCTOS DE LIMPIEZA Y ASEO.,1000,0,1000,465.96
K01,332,22200,SERVICIOS DE TELECOMUNICACIONES.,7000,0,7000,3309.97
K01,332,22613,ANIMACION A LA LECTURA,10000,0,10000,9692.59
K01,332,22614,DIFUSION CULTURAL,14000,0,14000,7536.98
K01,332,63203,REPOSICION EDIFICIOS CULTURALES,90000,0,90000,54610.45
K01,332,63302,INVERSION MAQUINARIA E INSTALACIONES EDIFICIOS,50000,0,50000,0
K01,333,21200,REPARACIONES MANTENIMIENTO Y CONSERVACION EDIFICIOS,2000,0,2000,170.65
K01,333,22100,ENERGÍA ELÉCTRICA.,11000,0,11000,0
K01,333,22101,AGUA.,2000,0,2000,0
K01,333,22200,SERVICIOS DE TELECOMUNICACIONES.,1000,0,1000,469.89
K01,333,22719,MANTENIMIENTO CLIMATIZACION,4000,0,4000,2078.7
K01,335,13000,RETRIBUCIONES BÁSICAS LABORAL FIJO,15220.86,0,15220.86,27681.56
K01,335,13002,OTRAS REMUNERACIONES LABORAL FIJO,6284.18,0,6284.18,11303.6
K01,335,15000,PRODUCTIVIDAD,2495.64,0,2495.64,6768.7
K01,335,15200,OTROS INCENTIVOS AL RENDIMIENTO,2661.96,0,2661.96,2753.76
K01,335,16000,SEGURIDAD SOCIAL.,9839.96,0,9839.96,9003.7
K01,335,16200,FORMACIÓN Y PERFECCIONAMIENTO DEL PERSONAL.,197.4,0,197.4,222.28
K01,335,16204,ACCIÓN SOCIAL.,3000,0,3000,0
K01,335,16205,SEGUROS.,100,0,100,87.4
K01,335,16209,OTROS GASTOS SOCIALES.,200,0,200,150.11
K01,335,20600,ARRENDAMIENTO EQUIPOS PROCESOS DE INFORMACION,7000,0,7000,6068.84
K01,335,21200,REPARACIONES MANTENIMIENTO Y CONSERVACION EDIFICIOS,20000,0,20000,5329.66
K01,335,22100,ENERGÍA ELÉCTRICA.,70000,0,70000,63902.96
K01,335,22101,AGUA.,6000,0,6000,3377.17
K01,335,22110,PRODUCTOS DE LIMPIEZA Y ASEO.,1000,0,1000,246.87
K01,335,22200,SERVICIOS DE TELECOMUNICACIONES.,1000,0,1000,736.97
K01,335,22719,MANTENIMIENTO CLIMATIZACION,8000,0,8000,4157.5
K01,335,22723,CONTRATO ILUMINACION Y SONIDO TEATRO,15000,0,15000,26397.06
K01,335,22725,CONTRATO APOYO A LOS SERVICIOS CULTURALES,15000,0,15000,17693.53
K01,335,22748,PROGRAMACION TEATRO MPAL,37000,0,37000,25370.13
K02,431,47000,PROMOCION DEL COMERCIO Y PYMES,25000,0,25000,11374.85
#,,,,52900000.0,0,52900000.0,43014043.73
,,,,,,,
,,,,,,,
,,,,,,,
,,,,,,,
,,,,,,,
,,,,,,,
,,,,,,,
,,,,,,,
,,,,,,,
,,,,,,,
,,,,,,,
,,,,,,,
,,,,,,,
,,,,,,,
,,,,,,,
,,,,,,,
,,,,,,,
,,,,,,,
,,,,,,,
,,,,,,,
,,,,,,,
,,,,,,,
,,,,,,,
,,,,,,,
,,,,,,,
,,,,,,,
,,,,,,,
,,,,,,,
,,,,,,,
,,,,,,,
,,,,,,,
,,,,,,,
,,,,,,,
,,,,,,,
,,,,,,,
,,,,,,,
,,,,,,,
,,,,,,,
,,,,,,,
,,,,,,,
,,,,,,,
,,,,,,,
,,,,,,,
,,,,,,,
,,,,,,,
,,,,,,,
,,,,,,,
,,,,,,,
,,,,,,,
,,,,,,,
,,,,,,,
,,,,,,,
,,,,,,,
,,,,,,,
,,,,,,,
,,,,,,,
,,,,,,,
,,,,,,,
,,,,,,,
,,,,,,,
,,,,,,,
,,,,,,,
,,,,,,,
,,,,,,,
,,,,,,,
,,,,,,,
,,,,,,,
,,,,,,,
,,,,,,,
,,,,,,,
,,,,,,,
,,,,,,,
,,,,,,,
,,,,,,,
,,,,,,,
,,,,,,,
,,,,,,,
,,,,,,,
,,,,,,,
,,,,,,,
,,,,,,,
,,,,,,,
,,,,,,,
,,,,,,,
,,,,,,,
,,,,,,,
,,,,,,,
,,,,,,,
,,,,,,,
,,,,,,,
,,,,,,,
,,,,,,,
,,,,,,,
,,,,,,,
,,,,,,,
,,,,,,,
,,,,,,,
,,,,,,,
,,,,,,,
,,,,,,,
,,,,,,,
,,,,,,,
,,,,,,,
,,,,,,,
,,,,,,,
,,,,,,,
,,,,,,,
,,,,,,,
,,,,,,,
,,,,,,,
,,,,,,,
,,,,,,,
,,,,,,,
,,,,,,,
,,,,,,,
,,,,,,,
,,,,,,,
,,,,,,,
,,,,,,,
,,,,,,,
,,,,,,,
,,,,,,,
,,,,,,,
,,,,,,,
,,,,,,,
,,,,,,,
,,,,,,,
,,,,,,,
,,,,,,,
,,,,,,,
,,,,,,,
,,,,,,,
,,,,,,,
,,,,,,,
,,,,,,,
,,,,,,,
,,,,,,,
,,,,,,,
,,,,,,,
,,,,,,,
,,,,,,,
,,,,,,,
,,,,,,,
,,,,,,,
,,,,,,,
,,,,,,,
,,,,,,,
,,,,,,,
,,,,,,,
,,,,,,,
,,,,,,,
,,,,,,,
,,,,,,,
,,,,,,,
,,,,,,,
,,,,,,,
,,,,,,,
,,,,,,,
,,,,,,,
,,,,,,,
,,,,,,,
,,,,,,,
,,,,,,,
,,,,,,,
,,,,,,,
,,,,,,,
,,,,,,,
,,,,,,,
,,,,,,,
,,,,,,,
,,,,,,,
,,,,,,,
,,,,,,,
,,,,,,,
,,,,,,,
,,,,,,,
,,,,,,,
,,,,,,,
,,,,,,,
,,,,,,,
,,,,,,,
,,,,,,,
,,,,,,,
,,,,,,,
,,,,,,,
,,,,,,,
,,,,,,,
,,,,,,,
,,,,,,,
,,,,,,,
,,,,,,,
,,,,,,,
,,,,,,,
,,,,,,,
,,,,,,,
,,,,,,,
,,,,,,,
,,,,,,,
,,,,,,,
,,,,,,,
,,,,,,,
,,,,,,,
,,,,,,,
,,,,,,,
,,,,,,,
,,,,,,,
,,,,,,,
,,,,,,,
,,,,,,,
,,,,,,,
,,,,,,,
,,,,,,,
,,,,,,,
,,,,,,,
,,,,,,,
,,,,,,,
,,,,,,,
,,,,,,,
,,,,,,,
,,,,,,,
,,,,,,,
,,,,,,,
,,,,,,,
,,,,,,,
,,,,,,,
,,,,,,,
,,,,,,,
,,,,,,,
,,,,,,,
,,,,,,,
,,,,,,,
,,,,,,,
,,,,,,,
,,,,,,,
,,,,,,,
,,,,,,,
,,,,,,,
,,,,,,,
,,,,,,,
,,,,,,,
,,,,,,,
,,,,,,,
,,,,,,,
,,,,,,,
,,,,,,,
,,,,,,,
,,,,,,,
,,,,,,,
,,,,,,,
,,,,,,,
,,,,,,,
,,,,,,,
,,,,,,,
,,,,,,,
,,,,,,,
,,,,,,,
,,,,,,,
,,,,,,,
,,,,,,,
