#EJECUCIÓN GASTOS CORRIENTES EJERCICIO 2014,,,,,,,
#Org.,Prog.,Econ.,DENOMINACIÓN DE LAS APLICACIONES,Créditos Iniciales,Modificaciones,Créditos Totales,Obligaciones Reconocidas
A01,150,12000,SUELDOS DEL GRUPO A1.,73386.6,0,73386.6,61934.38
A01,150,12001,SUELDOS DEL GRUPO A2.,51626.08,0,51626.08,53621.12
A01,150,12003,SUELDOS DEL GRUPO C1.,9884.84,0,9884.84,10258.3
A01,150,12006,TRIENIOS.,18735.04,0,18735.04,18810.34
A01,150,12100,COMPLEMENTO DE DESTINO.,94963.36,0,94963.36,85299.47
A01,150,12101,COMPLEMENTO ESPECÍFICO.,181422.92,0,181422.92,158696.06
A01,150,13000,RETRIBUCIONES BÁSICAS LABORAL FIJO,198724.24,0,198724.24,199752.66
A01,150,13002,OTRAS REMUNERACIONES LABORAL FIJO,81035.36,0,81035.36,85627.34
A01,150,15000,PRODUCTIVIDAD,70320.18,0,70320.18,67653.97
A01,150,15200,OTROS INCENTIVOS AL RENDIMIENTO,13363.47,0,13363.47,15356.25
A01,150,16000,SEGURIDAD SOCIAL.,160989.71,0,160989.71,129422.71
A01,150,16200,FORMACIÓN Y PERFECCIONAMIENTO DEL PERSONAL.,2048.2,0,2048.2,2749.99
A01,150,16204,ACCIÓN SOCIAL.,11000,0,11000,5142.37
A01,150,16205,SEGUROS.,1600,0,1600,1266.89
A01,150,16209,OTROS GASTOS SOCIALES.,900,0,900,545.89
A01,150,22103,COMBUSTIBLES Y CARBURANTES.,10000,0,10000,0
A01,150,22714,SERVICIO RETIRADA ANIMALES ABANDONADOS,30000,0,30000,42472.5
A01,150,22749,OTROS TRABAJOS REALIZADOS POR OTRAS EMPRESAS Y PROFES.,20000,0,20000,6727.17
A01,170,12000,SUELDOS DEL GRUPO A1.,73386.6,-27500,45886.6,45810.76
A01,170,12003,SUELDOS DEL GRUPO C1.,9884.84,-9500,384.84,0
A01,170,12004,SUELDOS DEL GRUPO C2.,8378.58,0,8378.58,8650.4
A01,170,12006,TRIENIOS.,8101.59,0,8101.59,8021.02
A01,170,12100,COMPLEMENTO DE DESTINO.,65388.18,-26000,39388.18,39150.02
A01,170,12101,COMPLEMENTO ESPECÍFICO.,112686.7,-54000,58686.7,57225.84
A01,170,13000,RETRIBUCIONES BÁSICAS LABORAL FIJO,103147.67,-5000,98147.67,98574.18
A01,170,13002,OTRAS REMUNERACIONES LABORAL FIJO,35032.34,0,35032.34,35032.34
A01,170,15000,PRODUCTIVIDAD,37812.18,0,37812.18,37811.58
A01,170,15200,OTROS INCENTIVOS AL RENDIMIENTO,351.51,0,351.51,5537.43
A01,170,16000,SEGURIDAD SOCIAL.,208028.3,-54000,154028.3,167237.93
A01,170,16200,FORMACIÓN Y PERFECCIONAMIENTO DEL PERSONAL.,351.51,0,351.51,3497.46
A01,170,16204,ACCIÓN SOCIAL.,15000,-2000,13000,5577.19
A01,170,16205,SEGUROS.,1250,0,1250,989.77
A01,170,16209,OTROS GASTOS SOCIALES.,1200,0,1200,727.43
A01,170,20600,ARRENDAMIENTO EQUIPOS PROCESOS DE INFORMACION,10000,0,10000,8891.95
A01,170,21000,REPARACIONES Y OBRAS,40000,0,40000,27658.41
A01,170,21200,REPARACIONES MANTENIMIENTO Y CONSERVACION EDIFICIOS,3000,0,3000,5458.43
A01,170,22100,ENERGÍA ELÉCTRICA.,1100000,0,1100000,935786.74
A01,170,22101,SUMINISTROS: AGUA.,600000,0,600000,691143.87
A01,170,22200,SERVICIOS DE TELECOMUNICACIONES.,12000,0,12000,4387.64
A01,170,22201,POSTALES.,7000,0,7000,5318.76
A01,170,22632,GASTOS GENERALES,8673,0,8673,7779.52
A01,170,22690,GASTOS DIVERSOS.,3000,0,3000,1452.63
A01,170,22700,CONTRATOS GESTIÓN SERVICIOS PÚBLICOS,6876327,-1160367.86,5715959.14,4674520.13
A01,170,22718,MANTENIMIENTO ASCENSORES,3000,0,3000,3391.34
A01,170,22719,MANTENIMIENTO CLIMATIZACION,7000,0,7000,9957.46
A01,170,22747,TRABAJOS  REALIZADOS POR OTRAS EMPRESAS,50000,0,50000,98752.83
A01,170,44900,SUBVENCION PERDIDAS GESTIÓN SERVICIOS PÚBLICOS,5234254,283000,5517254,5442770.29
A01,170,46300,APORTACIÓN MANCOMUNIDAD GESTIÓN RESIDUOS,225746,0,225746,195887
A01,170,61903,INVERSION EN REPOSICION DE VIAS PÚBLICAS,50000,-13000,37000,32416.13
A01,170,61909,MEJORA DEL ALUMBRADO PUBLICO,300000,-92000,208000,197213.86
A01,170,61910,INVERSION DE REPOSICION E INFRAESTRUCTURAS,50000,560367.86,610367.86,250640.47
A01,170,63100,INVERSION DE REPOSICION PARQUES Y JARDINES,300000,600000,900000,54487.98
B01,340,13000,RETRIBUCIONES BÁSICAS LABORAL FIJO,448989.81,0,448989.81,421623.97
B01,340,13002,OTRAS REMUNERACIONES LABORAL FIJO,170831.36,0,170831.36,143634.06
B01,340,15000,PRODUCTIVIDAD,70498.26,0,70498.26,59446.48
B01,340,15200,OTROS INCENTIVOS AL RENDIMIENTO,32905.42,0,32905.42,49125.05
B01,340,16000,SEGURIDAD SOCIAL.,236164.57,0,236164.57,189857.21
B01,340,16200,FORMACIÓN Y PERFECCIONAMIENTO DEL PERSONAL.,2610.58,0,2610.58,2168.85
B01,340,16204,ACCIÓN SOCIAL.,5000,0,5000,4383.61
B01,340,16205,SEGUROS.,2100,0,2100,1662.81
B01,340,16209,OTROS GASTOS SOCIALES.,900,0,900,591.4
B01,340,20600,ARRENDAMIENTO EQUIPOS PROCESOS DE INFORMACION,7000,0,7000,6277.59
B01,340,21200,REPARACIONES MANTENIMIENTO Y CONSERVACION EDIFICIOS,22000,0,22000,32509.17
B01,340,22100,SUMINISTROS: ENERGÍA ELÉCTRICA.,500000,0,500000,590331.29
B01,340,22101,SUMINISTROS: AGUA.,200000,0,200000,43748.6
B01,340,22102,GAS.,70000,0,70000,74675.14
B01,340,22104,VESTUARIO.,2000,0,2000,4443.72
B01,340,22116,TROFEOS DEPORTIVOS,12000,0,12000,16620.52
B01,340,22119,MATERIAL TECNICO DEPORTIVO,40000,0,40000,29184.02
B01,340,22200,SERVICIOS DE TELECOMUNICACIONES.,6000,0,6000,3278.79
B01,340,22201,POSTALES.,5000,0,5000,3948.52
B01,340,22402,SEGUROS DEPORTIVOS,60000,0,60000,68740.09
B01,340,22690,GASTOS DIVERSOS.,6000,0,6000,2145.41
B01,340,22718,MANTENIMIENTO ASCENSORES,3000,0,3000,3785.6
B01,340,22719,MANTENIMIENTO CLIMATIZACION,14000,0,14000,21037.38
B01,340,22735,ARBITRAJES Y COORDINACION,10000,0,10000,5783
B01,340,22799,OTROS TRABAJOS REALIZADOS POR OTRAS EMPRESAS Y PROFES.,2000,0,2000,24894.51
B01,340,23120,DEL PERSONAL NO DIRECTIVO.,1000,0,1000,349.8
B01,340,48001,FOMENTO DEPORTE ESCOLAR,10000,0,10000,15840.01
B01,340,48004,FOMENTO DEPORTE,20000,0,20000,15260
B01,340,48904,PROGRAMAS DEPORTIVOS Y ACTIVIDADES,20000,50000,70000,60808.02
B01,340,61905,PLAN MUNICIPAL DE MEJORA PISTAS DEPORTIVAS,50000,-50000,0,0
B02,491,12000,SUELDOS DEL GRUPO A1.,29354.64,0,29354.64,0
B02,491,12003,SUELDOS DEL GRUPO C1.,9884.84,0,9884.84,10440.56
B02,491,12100,COMPLEMENTO DE DESTINO.,29933.26,0,29933.26,1333.28
B02,491,12101,COMPLEMENTO ESPECÍFICO.,55460.86,0,55460.86,1186.83
B02,491,13000,RETRIBUCIONES BÁSICAS LABORAL FIJO,187877.2,0,187877.2,169939.57
B02,491,13002,OTRAS REMUNERACIONES LABORAL FIJO,53692.66,0,53692.66,36179.88
B02,491,15000,PRODUCTIVIDAD,33566.52,0,33566.52,35936.26
B02,491,15200,OTROS INCENTIVOS AL RENDIMIENTO,6267.49,0,6267.49,5894.49
B02,491,16000,SEGURIDAD SOCIAL.,119662.53,0,119662.53,96199
B02,491,16204,ACCIÓN SOCIAL.,3000,0,3000,1374.86
B02,491,16205,SEGUROS.,1000,0,1000,791.81
B02,491,16209,OTROS GASTOS SOCIALES.,300,0,300,181.57
B02,491,20600,ARRENDAMIENTO EQUIPOS PROCESOS DE INFORMACION,15000,0,15000,14088.92
B02,491,21600,"REPARACIONES, MTO Y CONSERVACION EQUIPOS PROCESOS DE INFORMA",5000,0,5000,1554.85
B02,491,22001,"PRENSA, REVISTAS, LIBROS Y OTRAS PUBLICACIONES.",46000,0,46000,1050.32
B02,491,22002,MATERIAL INFORMÁTICO NO INVENTARIABLE.,5000,0,5000,3278.5
B02,491,22200,SERVICIOS DE TELECOMUNICACIONES.,4000,0,4000,1934.31
B02,491,22601,ATENCIONES PROTOCOLARIAS Y REPRESENTATIVAS.,10000,0,10000,33997.3
B02,491,22610,ACTOS INSTITUCIONALES,5000,0,5000,435.6
B02,491,22621,"NOTIFICACIONES, BANDOS E INFORMAS",8000,0,8000,139.15
B02,491,22622,PUBLICACIONES EN PERIODICOS,15000,0,15000,2036.25
B02,491,22690,GASTOS DIVERSOS,5000,0,5000,6255.63
B02,491,22721,CONTRATO SERVICIO REPARTOS,2000,0,2000,574.75
B02,491,22736,MANTENIMIENTO APLICACIONES INFORMÁTICAS,200000,0,200000,130054.01
B02,491,22738,SERVICIOS DEPARTAMENTO PRENSA,30000,0,30000,54327.9
B02,491,62601,CONEXION NUEVOS EDIFICIOS MUNICIPALES,500000,0,500000,470350.67
B02,491,63600,EQUIPOS PARA PROCESOS DE INFORMACIÓN.,100000,0,100000,45642.91
B02,491,64100,GTOS. EN APLICACIONES INFORMATICAS,20000,0,20000,19999.8
B03,912,10000,RETRIBUCIONES BÁSICAS MIEMBROS DE LOS ORGANOS DE GOBIERNO,537414.86,0,537414.86,537415.2
B03,912,11000,RETRIBUCIONES BÁSICAS PERSONAL EVENTUAL,434020.58,0,434020.58,455965.68
B03,912,16000,SEGURIDAD SOCIAL.,318564.56,0,318564.56,256100.15
B03,912,23301,INDEMNIZACIONES POR ASISTENCIAS A ORGANOS MPALES,100000,0,100000,92434.83
B03,912,48000,TRANSFERENCIAS GRUPOS MPALES,60000,0,60000,46244
C01,230,13000,RETRIBUCIONES BÁSICAS LABORAL FIJO,496672.83,0,496672.83,438987.83
C01,230,13002,OTRAS REMUNERACIONES LABORAL FIJO,102274.9,0,102274.9,76182.92
C01,230,14300,OTRO PERSONAL,150000,0,150000,305155.56
C01,230,15000,PRODUCTIVIDAD,63539,0,63539,55152.99
C01,230,15200,OTROS INCENTIVOS AL RENDIMIENTO,5116.58,0,5116.58,5453.65
C01,230,16000,SEGURIDAD SOCIAL.,207831.87,0,207831.87,167080.03
C01,230,16200,FORMACIÓN Y PERFECCIONAMIENTO DEL PERSONAL.,4264.82,0,4264.82,4945.38
C01,230,16204,ACCIÓN SOCIAL.,7500,0,7500,6212.07
C01,230,16205,SEGUROS.,1600,0,1600,1266.89
C01,230,16209,OTROS GASTOS SOCIALES.,1200,0,1200,727.43
C01,230,20200,ARRENDAMIENTOS VIVIENDAS IVIMA,5000,0,5000,3596.76
C01,230,20600,ARRENDAMIENTO EQUIPOS PROCESOS DE INFORMACION,20000,0,20000,20807.37
C01,230,21200,REPARACIONES MANTENIMIENTO Y CONSERVACION EDIFICIOS,5000,0,5000,975.36
C01,230,22100,SUMINISTROS: ENERGÍA ELÉCTRICA.,250000,0,250000,441302.67
C01,230,22101,SUMINISTROS: AGUA.,10000,0,10000,3508.53
C01,230,22200,SERVICIOS DE TELECOMUNICACIONES.,25000,0,25000,8802.2
C01,230,22201,POSTALES.,10000,0,10000,8559.41
C01,230,22690,GASTOS DIVERSOS,10000,0,10000,5117.12
C01,230,22718,MANTENIMIENTO ASCENSORES,10000,0,10000,8103.89
C01,230,22719,MANTENIMIENTO CLIMATIZACION,20000,0,20000,13812.18
C01,230,22722,CONTRATO ESTANCIAS EN RESIDENCIA PRIVADA,200000,0,200000,76662.99
C01,230,22724,T.R.O.E.P.: SERVICIO TELEASISTENCIA,40000,0,40000,23989.17
C01,230,22725,TRABAJOS EMPRESAS Y PROF: PROGRAMA DE FAMILIA,90000,0,90000,84261.4
C01,230,22726,CONTRATO SERVICIO AYUDA A DOMICILIO,300000,0,300000,262222.5
C01,230,22727,TRABAJOS REALIZADOS POR EMPRESAS Y PROFES:AUTONOMÍA PERSONAL,55000,0,55000,17705.32
C01,230,22750,CUMPLIMIENTO SENTENCIA SERVICIO AYUDA A DOMICILIO,270000,-150000,120000,0
C01,230,22799,OTROS TRABAJOS REALIZADOS POR OTRAS EMPRESAS Y PROFES.,20000,0,20000,3646.53
C01,230,23300,OTRAS INDEMNIZACIONES,30000,0,30000,767.33
C01,230,48018,EMERGENCIA SOCIAL BASICA,150000,150000,300000,228841.52
C01,230,48021,AYUDAS MEJORA HABITABILIDAD,10000,0,10000,9300
C01,230,63301,INVERSION EN ADAPTACIÓN Y MEJORA ACCESIBILIDAD INFRAESTRUCTU,1040000,0,1040000,547891.79
C02,230,48018,EMERGENCIA SOCIAL BASICA,0,0,0,0
C02,241,12003,SUELDOS DEL GRUPO C1.,9884.84,0,9884.84,0
C02,241,12006,TRIENIOS.,3250.62,0,3250.62,0
C02,241,12100,COMPLEMENTO DE DESTINO.,6155.8,0,6155.8,0
C02,241,12101,COMPLEMENTO ESPECÍFICO.,5479.6,0,5479.6,0
C02,241,13000,RETRIBUCIONES BÁSICAS LABORAL FIJO,67353.31,0,67353.31,66007.2
C02,241,13002,OTRAS REMUNERACIONES LABORAL FIJO,19717.32,0,19717.32,19717.32
C02,241,15000,PRODUCTIVIDAD,11713.52,0,11713.52,9009
C02,241,15200,OTROS INCENTIVOS AL RENDIMIENTO,174.11,0,174.11,0
C02,241,16000,SEGURIDAD SOCIAL.,40231.22,0,40231.22,32342.65
C02,241,16200,FORMACIÓN Y PERFECCIONAMIENTO DEL PERSONAL.,1339.66,0,1339.66,15951.11
C02,241,16204,ACCIÓN SOCIAL.,4000,0,4000,372.12
C02,241,16205,SEGUROS.,400,0,400,316.73
C02,241,16209,OTROS GASTOS SOCIALES.,300,0,300,181.57
C02,241,20600,ARRENDAMIENTO EQUIPOS PROCESOS DE INFORMACION,13000,0,13000,11469
C02,241,22101,SUMINISTROS: AGUA.,35000,0,35000,18180.38
C02,241,22102,GAS.,3000,0,3000,0
C02,241,22103,COMBUSTIBLES Y CARBURANTES.,5000,0,5000,0
C02,241,22200,SERVICIOS DE TELECOMUNICACIONES.,5000,0,5000,5816.06
C02,241,22201,POSTALES.,5000,0,5000,4279.58
C02,241,22690,GASTOS DIVERSOS,10000,0,10000,894.19
C02,241,22719,MANTENIMIENTO CLIMATIZACION,9000,0,9000,6085.51
C02,241,22731,T.R.O.E.P.: CURSOS FORM.OCUPACIONAL,140000,0,140000,97148
C02,241,22733,FOMENTO DEL EMPLEO,150000,0,150000,0
C02,241,22734,T.R.O.E.P. CLUB DE EMPLEO,35000,0,35000,0
C02,241,22751,T.R.O.E.P. EFQM,10000,0,10000,5493.4
D01,155,22690,GASTOS DIVERSOS,10000,0,10000,3729.07
D01,155,45320,APORTACION AL CONSORCIO DE TRANSPORTES,170000,0,170000,0
D01,155,63300,INV. INFRAESTRUCTURAS DESTINADAS AL USO GENERAL,470000,0,470000,181787.83
E01,932,12000,SUELDOS DEL GRUPO A1.,29354.64,0,29354.64,15337.23
E01,932,12001,SUELDOS DEL GRUPO A2.,25813.04,0,25813.04,13351.28
E01,932,12003,SUELDOS DEL GRUPO C1.,19769.68,0,19769.68,20718.18
E01,932,12004,SUELDOS DEL GRUPO C2.,8378.58,0,8378.58,8734.61
E01,932,12006,TRIENIOS.,6339.75,0,6339.75,9965.04
E01,932,12100,COMPLEMENTO DE DESTINO.,59384.08,0,59384.08,37100.28
E01,932,12101,COMPLEMENTO ESPECÍFICO.,89675.18,0,89675.18,44562.98
E01,932,13000,RETRIBUCIONES BÁSICAS LABORAL FIJO,86077.67,0,86077.67,84952.25
E01,932,13002,OTRAS REMUNERACIONES LABORAL FIJO,28507.22,0,28507.22,26418.17
E01,932,15000,PRODUCTIVIDAD,27700.9,0,27700.9,26841.15
E01,932,15200,OTROS INCENTIVOS AL RENDIMIENTO,11.35,0,11.35,0
E01,932,15300,COMPLEMENTO DEDICACION ESPECIAL,12954.96,0,12954.96,12954.96
E01,932,16000,SEGURIDAD SOCIAL.,123010.27,0,123010.27,98890.3
E01,932,16200,FORMACIÓN Y PERFECCIONAMIENTO DEL PERSONAL.,1422.68,0,1422.68,1570.86
E01,932,16204,ACCIÓN SOCIAL.,10000,0,10000,2535.82
E01,932,16205,SEGUROS.,1100,0,1100,870.99
E01,932,16209,OTROS GASTOS SOCIALES.,500,0,500,303
E01,932,22652,FOMENTO DEL TURISMO,15000,0,15000,10551.58
E01,932,22737,CONTRATO SERVICIO INSPECCIÓN,60000,0,60000,14252.22
E01,932,22752,PROGRAMAS DE PROMOCION TURISTICA,15000,0,15000,0
F01,320,12003,SUELDOS DEL GRUPO C1.,19769.68,0,19769.68,9645.06
F01,320,12006,TRIENIOS.,1860.8,0,1860.8,3000.96
F01,320,12100,COMPLEMENTO DE DESTINO.,13293.56,0,13293.56,5950.61
F01,320,12101,COMPLEMENTO ESPECÍFICO.,15828.26,0,15828.26,5296.95
F01,320,13000,RETRIBUCIONES BÁSICAS LABORAL FIJO,491632.89,0,491632.89,462967.73
F01,320,13002,OTRAS REMUNERACIONES LABORAL FIJO,120556.52,0,120556.52,110196.41
F01,320,15000,PRODUCTIVIDAD,81949.9,0,81949.9,75758.88
F01,320,15200,OTROS INCENTIVOS AL RENDIMIENTO,1087.61,0,1087.61,1806.59
F01,320,16000,SEGURIDAD SOCIAL.,235258.28,0,235258.28,189128.62
F01,320,16200,FORMACIÓN Y PERFECCIONAMIENTO DEL PERSONAL.,6062.5,0,6062.5,6952.25
F01,320,16204,ACCIÓN SOCIAL.,29000,0,29000,11478.92
F01,320,16205,SEGUROS.,2350,0,2350,1860.76
F01,320,16209,OTROS GASTOS SOCIALES.,1350,0,1350,891.84
F01,320,20600,ARRENDAMIENTO EQUIPOS PROCESOS DE INFORMACION,10000,0,10000,8894.43
F01,320,21200,REPARACIONES MANTENIMIENTO Y CONSERVACION EDIFICIOS,6000,0,6000,2666.61
F01,320,22100,SUMINISTROS: ENERGÍA ELÉCTRICA.,150000,0,150000,191853.89
F01,320,22101,SUMINISTROS: AGUA.,92000,0,92000,37527.55
F01,320,22102,GAS.,128000,0,128000,182267.33
F01,320,22103,COMBUSTIBLES Y CARBURANTES.,25000,0,25000,5472
F01,320,22200,SERVICIOS DE TELECOMUNICACIONES.,9000,0,9000,3840.25
F01,320,22201,POSTALES.,2000,0,2000,2004.98
F01,320,22699,OTROS GASTOS DIVERSOS,40000,0,40000,68601.7
F01,320,22718,MANTENIMIENTO ASCENSORES,5000,0,5000,4306.96
F01,320,22719,MANTENIMIENTO CLIMATIZACION,18000,0,18000,17729.9
F01,320,22728,CONTRATO MANUTENCION NIÑOS E. INFANTIL,70000,0,70000,62515.48
F01,320,22729,CONTRATO SERVICIO ACTIVIDADES EXTRAESCOLARES,115000,0,115000,101599.06
F01,320,22745,CONTRATO CAMPAMENTO URBANO,70000,0,70000,611.85
F01,320,22746,CONTRATO GESTION LUDOTECA MPAL,65000,0,65000,56488.97
F01,320,22799,OTROS TRABAJOS REALIZADOS POR OTRAS EMPRESAS Y PROFES.,5000,0,5000,24726.73
F01,320,42200,CONVENIO UNED,20000,0,20000,13080
F01,320,48006,TRANSFERENCIAS ESCUELAS INFANTILES,400000,0,400000,379015.94
F01,320,48009,CONVENIO ABSENTISMO ESCOLAR,5000,0,5000,0
F01,320,48019,PROGRAMA MUNICIPAL DE APOYO A LA ESCOLARIDAD,25000,0,25000,24920
F01,320,63200,INVERSION Y MEJORA EN CENTROS EDUCATIVOS,60000,0,60000,17270.35
F01,324,13000,RETRIBUCIONES BÁSICAS LABORAL FIJO,291223.48,0,291223.48,297526.64
F01,324,13002,OTRAS REMUNERACIONES LABORAL FIJO,54667.32,0,54667.32,50514.67
F01,324,15000,PRODUCTIVIDAD,72308.19,0,72308.19,67291.82
F01,324,15200,OTROS INCENTIVOS AL RENDIMIENTO,96.87,0,96.87,0
F01,324,16000,SEGURIDAD SOCIAL.,128504.14,0,128504.14,103306.92
F01,324,16204,ACCIÓN SOCIAL.,1000,0,1000,2674.51
F01,324,16205,SEGUROS.,1500,0,1500,1187.72
F01,324,16209,OTROS GASTOS SOCIALES.,700,0,700,435.66
F01,324,20600,ARRENDAMIENTO EQUIPOS PROCESOS DE INFORMACION,7000,0,7000,5558.1
F01,324,21200,REPARACIONES MANTENIMIENTO Y CONSERVACION EDIFICIOS,3000,0,3000,444.03
F01,324,22101,SUMINISTROS: AGUA.,3000,0,3000,2051.52
F01,324,22200,SERVICIOS DE TELECOMUNICACIONES.,5000,0,5000,1562.23
F01,324,22615,GASTOS ESCUELA MUSICA,4000,0,4000,480.49
F01,324,22719,MANTENIMIENTO CLIMATIZACION,8000,0,8000,5569.65
G01,130,12000,SUELDOS DEL GRUPO A1.,14677.32,0,14677.32,16979.62
G01,130,12001,SUELDOS DEL GRUPO A2.,12906.52,0,12906.52,26734.73
G01,130,12003,SUELDOS DEL GRUPO C1.,39539.36,0,39539.36,24980.76
G01,130,12004,SUELDOS DEL GRUPO C2.,427307.58,0,427307.58,411670.47
G01,130,12006,TRIENIOS.,71118.75,0,71118.75,66742.89
G01,130,12100,COMPLEMENTO DE DESTINO.,317982.42,0,317982.42,251926.72
G01,130,12101,COMPLEMENTO ESPECÍFICO.,990481.66,0,990481.66,806604.35
G01,130,12103,OTROS COMPLEMENTOS.,8000,0,8000,11710
G01,130,15000,PRODUCTIVIDAD,223251.28,0,223251.28,205727.96
G01,130,15200,OTROS INCENTIVOS AL RENDIMIENTO,65848.12,0,65848.12,93045.06
G01,130,15300,COMPLEMENTO DEDICACION ESPECIAL,17882.96,0,17882.96,17494.2
G01,130,16000,SEGURIDAD SOCIAL.,550072.03,0,550072.03,442213.4
G01,130,16200,FORMACIÓN Y PERFECCIONAMIENTO DEL PERSONAL.,7932,0,7932,9239.14
G01,130,16204,ACCIÓN SOCIAL.,10000,0,10000,14199.48
G01,130,16205,SEGUROS.,2000,0,2000,3234.43
G01,130,16209,OTROS GASTOS SOCIALES.,1000,0,1000,600.81
G01,130,20400,ARRENDAMIENTO MATERIAL DE TRANSPORTE,39000,0,39000,5553.94
G01,130,20600,ARRENDAMIENTO EQUIPOS PROCESOS DE INFORMACION,10000,0,10000,8642.68
G01,130,21200,REPARACIONES MANTENIMIENTO Y CONSERVACION EDIFICIOS,1000,0,1000,665.89
G01,130,21300,REPARACIONES MANTENIMIENTO Y CONSERVACION MAQUINARIA,3000,0,3000,1296.37
G01,130,21400,REP. MANT. Y CONSERVACION ELEMENTOS TRANSPORTE,9000,0,9000,24951.93
G01,130,22101,SUMINISTROS: AGUA.,1000,0,1000,680.27
G01,130,22103,COMBUSTIBLES Y CARBURANTES.,17000,0,17000,14484.56
G01,130,22104,VESTUARIO.,40000,0,40000,19522.56
G01,130,22115,UTILES SEGURIDAD VIAL,8000,0,8000,7494.48
G01,130,22118,UTILES SEGURIDAD CIUDADANA,5000,0,5000,3478.01
G01,130,22200,SERVICIOS DE TELECOMUNICACIONES.,10000,0,10000,6013.28
G01,130,22201,POSTALES.,10000,0,10000,8559.41
G01,130,22637,GASTOS DIVERSOS SEGURIDAD CIUDADANA,14000,0,14000,15044.2
G01,130,22715,CONTRATOS SERVICIO RETIRADA VEHICULOS VIA PUBLICA,12000,0,12000,9710.16
G01,130,23120,DEL PERSONAL NO DIRECTIVO.,1000,0,1000,145.65
G01,130,63302,PLAN MUNICIPAL DE SEGURIDAD Y CONTROL DEL TRÁFICO,100000,0,100000,0
G01,130,63400,INV. DE REPOSICION EN ELEMENTOS DE TRANSPORTE,20000,0,20000,10926.63
G01,132,12004,SUELDOS DEL GRUPO C2.,301628.88,0,301628.88,340686.26
G01,132,12006,TRIENIOS.,22730.26,0,22730.26,21823.79
G01,132,12100,COMPLEMENTO DE DESTINO.,176364.72,0,176364.72,164684.66
G01,132,12101,COMPLEMENTO ESPECÍFICO.,588772.8,0,588772.8,571942.4
G01,132,12103,OTROS COMPLEMENTOS.,8000,0,8000,12530
G01,132,15000,PRODUCTIVIDAD,133549.5,0,133549.5,127818.95
G01,132,15200,OTROS INCENTIVOS AL RENDIMIENTO,42952.93,0,42952.93,4995.5
G01,132,15300,COMPLEMENTO DEDICACION ESPECIAL,13606.6,0,13606.6,13457.57
G01,132,16000,SEGURIDAD SOCIAL.,348394.31,0,348394.31,280080.83
G01,132,16204,ACCIÓN SOCIAL.,15000,0,15000,4133.58
G01,132,16205,SEGUROS.,4000,0,4000,3633.94
G01,132,16209,OTROS GASTOS SOCIALES.,5000,0,5000,3109.35
G02,134,13000,RETRIBUCIONES BÁSICAS LABORAL FIJO,184438.04,0,184438.04,160948.78
G02,134,13002,OTRAS REMUNERACIONES LABORAL FIJO,14400.96,0,14400.96,11991.3
G02,134,13003,OTRAS REMUNERACIONES COMPLEMENTARIAS,5000,0,5000,0
G02,134,15000,PRODUCTIVIDAD,132746.18,0,132746.18,111550.82
G02,134,15200,OTROS INCENTIVOS AL RENDIMIENTO,610.91,0,610.91,5221.35
G02,134,16000,SEGURIDAD SOCIAL.,96424.85,0,96424.85,77517.77
G02,134,16200,FORMACIÓN Y PERFECCIONAMIENTO DEL PERSONAL.,179.06,0,179.06,212.79
G02,134,16204,ACCIÓN SOCIAL.,5000,0,5000,4669.77
G02,134,16205,SEGUROS.,500,0,500,453
G02,134,16209,OTROS GASTOS SOCIALES.,700,0,700,498.76
G02,134,20400,ARRENDAMIENTO MATERIAL DE TRANSPORTE,28000,0,28000,19022.74
G02,134,21400,REP. MANT. Y CONSERVACION ELEMENTOS TRANSPORTE,7000,0,7000,11747.51
G02,134,22103,COMBUSTIBLES Y CARBURANTES.,4000,0,4000,0
G02,134,22104,VESTUARIO.,10000,0,10000,8426.21
G02,134,22111,"SUMIN. DE REPUESTOS DE MAQUINARIA, UTILLAJE Y ELEMTOS TPTE.",4000,0,4000,11820.73
G02,134,22118,UTILES,8000,0,8000,25518.2
G02,134,22200,SERVICIOS DE TELECOMUNICACIONES.,3000,0,3000,2273.31
G02,134,22502,TRIBUTOS AUTONÓMICOS SERVICIO PREVENCIÓN-EXTINCIÓN INCENDIOS,1500000,-19000,1481000,1441300.59
G02,134,22690,GASTOS DIVERSOS,6000,0,6000,15449.32
G02,134,62301,"MAQUINARIA, INSTALACIONES TÉCNICAS Y UTILLAJE.",10000,19000,29000,28609.75
H01,232,13000,RETRIBUCIONES BÁSICAS LABORAL FIJO,20375.32,0,20375.32,20861.56
H01,232,13002,OTRAS REMUNERACIONES LABORAL FIJO,4297.3,0,4297.3,4297.3
H01,232,15000,PRODUCTIVIDAD,3039.68,0,3039.68,3669.68
H01,232,16000,SEGURIDAD SOCIAL.,10687.7,0,10687.7,8592.04
H01,232,16204,ACCIÓN SOCIAL.,1000,0,1000,40.8
H01,232,16205,SEGUROS.,300,0,300,237.54
H01,232,16209,OTROS GASTOS SOCIALES.,300,0,300,188.49
H01,232,20600,ARRENDAMIENTO EQUIPOS PROCESOS DE INFORMACION,7000,0,7000,5434.74
H01,232,22101,SUMINISTROS: AGUA.,3000,0,3000,3000.6
H01,232,22102,GAS.,5000,0,5000,5707.35
H01,232,22200,SERVICIOS DE TELECOMUNICACIONES.,3000,0,3000,864.17
H01,232,22611,ACTIVIDADES COLECTIVO MAYORES,3000,0,3000,0
H01,232,22690,GASTOS DIVERSOS,9000,0,9000,3270.26
H01,232,22719,MANTENIMIENTO CLIMATIZACION,6000,0,6000,4245.33
H01,232,22741,COMIDA CONFRATERNIZACIÓN,9000,0,9000,9605
H01,232,22742,CENTRO DE OCIO MAYORES,125000,0,125000,95890.6
H02,313,12000,SUELDOS DEL GRUPO A1.,14677.32,0,14677.32,15174.05
H02,313,12006,TRIENIOS.,1221.66,0,1221.66,1197.8
H02,313,12100,COMPLEMENTO DE DESTINO.,11141.9,0,11141.9,11141.9
H02,313,12101,COMPLEMENTO ESPECÍFICO.,7820.96,0,7820.96,7820.96
H02,313,13000,RETRIBUCIONES BÁSICAS LABORAL FIJO,46519.76,0,46519.76,43341.86
H02,313,13002,OTRAS REMUNERACIONES LABORAL FIJO,13670.44,0,13670.44,11591.87
H02,313,15000,PRODUCTIVIDAD,9640.4,0,9640.4,8784.92
H02,313,15200,OTROS INCENTIVOS AL RENDIMIENTO,853.23,0,853.23,0
H02,313,16000,SEGURIDAD SOCIAL.,31252.75,0,31252.75,25124.66
H02,313,16200,FORMACIÓN Y PERFECCIONAMIENTO DEL PERSONAL.,601.58,0,601.58,715.08
H02,313,16204,ACCIÓN SOCIAL.,2000,0,2000,514.9
H02,313,16205,SEGUROS.,500,0,500,395.9
H02,313,16209,OTROS GASTOS SOCIALES.,100,0,100,63.6
H02,313,22605,ACTIVIDADES RED CIUDADES SALUDABLES,1000,0,1000,1000
H02,313,22690,GASTOS DIVERSOS,5000,0,5000,0
H02,313,22700,LIMPIEZA Y ASEO,25000,0,25000,26736.08
H02,313,22739,T.R.O.E.P. CONTROL E INSPECCIÓN DE AGUAS,6000,0,6000,3627.68
H02,313,22744,PROGRAMAS DE SALUD PUBLICA,33000,0,33000,22234.62
H03,493,13000,RETRIBUCIONES BÁSICAS LABORAL FIJO,55070.82,0,55070.82,49407.42
H03,493,13002,OTRAS REMUNERACIONES LABORAL FIJO,19231.1,0,19231.1,19508.44
H03,493,15000,PRODUCTIVIDAD,7898.38,0,7898.38,7675.5
H03,493,15200,OTROS INCENTIVOS AL RENDIMIENTO,553.64,0,553.64,778.75
H03,493,16000,SEGURIDAD SOCIAL.,25516.08,0,25516.08,20512.87
H03,493,16200,FORMACIÓN Y PERFECCIONAMIENTO DEL PERSONAL.,329.98,0,329.98,392.31
H03,493,16204,ACCIÓN SOCIAL.,1000,0,1000,377.69
H03,493,16205,SEGUROS.,300,0,300,237.54
H03,493,16209,OTROS GASTOS SOCIALES.,100,0,100,60.13
H03,493,20600,ARRENDAMIENTO EQUIPOS PROCESOS DE INFORMACION,10000,0,10000,8642.68
H03,493,21200,REPARACIONES MANTENIMIENTO Y CONSERVACION EDIFICIOS,3000,0,3000,444.03
H03,493,22101,SUMINISTROS: AGUA.,1000,0,1000,0
H03,493,22102,GAS.,2000,0,2000,2005.53
H03,493,22200,SERVICIOS DE TELECOMUNICACIONES.,5000,0,5000,1702.68
H03,493,22201,POSTALES.,3000,0,3000,2560.92
H03,493,22608,ACTIVIDADES OMIC,3000,0,3000,994.62
H03,493,22719,MANTENIMIENTO CLIMATIZACION,1000,0,1000,675.87
H03,493,22740,CONTRATO ASESORÍA JURÍDICA,2000,0,2000,0
I01,920,22690,GASTOS DIVERSOS,0,0,0,0
I01,924,13000,RETRIBUCIONES BÁSICAS LABORAL FIJO,41477.94,0,41477.94,42572.26
I01,924,13002,OTRAS REMUNERACIONES LABORAL FIJO,12393.5,0,12393.5,12393.5
I01,924,15000,PRODUCTIVIDAD,4835.6,0,4835.6,4835.6
I01,924,15200,OTROS INCENTIVOS AL RENDIMIENTO,2610.3,0,2610.3,3360.1
I01,924,16000,SEGURIDAD SOCIAL.,27082.66,0,27082.66,21772.25
I01,924,16204,ACCIÓN SOCIAL.,1000,0,1000,370.97
I01,924,16205,SEGUROS.,300,0,300,237.54
I01,924,16209,OTROS GASTOS SOCIALES.,300,0,300,178.1
I01,924,20600,ARRENDAMIENTO EQUIPOS PROCESOS DE INFORMACION,8000,0,8000,7376.81
I01,924,22101,SUMINISTROS: AGUA.,2000,0,2000,128.27
I01,924,22200,SERVICIOS DE TELECOMUNICACIONES.,2000,0,2000,1094.85
I01,924,22612,PUNTO MUNICIPAL SOLIDARIO,2000,0,2000,0
I01,924,22616,PUNTO DE INFORMACIÓN ASOCIATIVA,2000,0,2000,0
I01,924,22690,GASTOS DIVERSOS,9000,0,9000,1041.42
I01,924,22719,MANTENIMIENTO CLIMATIZACION,5000,0,5000,3470.11
I01,924,48022,AYUDAS Y SUBVENCIONES A  ORGANIZACIONES VECINALES,30000,0,30000,28452.42
I02,231,13000,RETRIBUCIONES BÁSICAS LABORAL FIJO,65983.6,0,65983.6,67353.36
I02,231,13002,OTRAS REMUNERACIONES LABORAL FIJO,14943.64,0,14943.64,16408.05
I02,231,15000,PRODUCTIVIDAD,8787.51,0,8787.51,8715.84
I02,231,15200,OTROS INCENTIVOS AL RENDIMIENTO,1250.73,0,1250.73,717.5
I02,231,16000,SEGURIDAD SOCIAL.,37334.52,0,37334.52,30013.92
I02,231,16204,ACCIÓN SOCIAL.,1000,0,1000,1951.3
I02,231,16205,SEGUROS.,500,0,500,395.9
I02,231,16209,OTROS GASTOS SOCIALES.,200,0,200,123.15
I02,231,20600,ARRENDAMIENTO EQUIPOS PROCESOS DE INFORMACION,7000,0,7000,6460.34
I02,231,21200,REPARACIONES MANTENIMIENTO Y CONSERVACION EDIFICIOS,4000,0,4000,591.29
I02,231,22101,SUMINISTROS: AGUA.,1000,0,1000,254.35
I02,231,22200,SERVICIOS DE TELECOMUNICACIONES.,5000,0,5000,2393.89
I02,231,22201,POSTALES.,10000,0,10000,8559.41
I02,231,22606,"REUNIONES, CONFERENCIAS Y CURSOS.",2000,0,2000,1091.62
I02,231,22617,PLAN DE IGUALDAD,5000,0,5000,4047.06
I02,231,22624,PREVENCIÓN Y SENSIBILIZACIÓN,10000,0,10000,9254.16
I02,231,22625,CONCILIACIÓN Y CORRESPONSABILIDAD,25000,0,25000,18946.49
I02,231,22626,IGUALDAD DE OPORTUNIDADES,8000,0,8000,2642.64
I02,231,22718,MANTENIMIENTO ASCENSORES,5000,0,5000,3830.53
I02,231,22719,MANTENIMIENTO CLIMATIZACION,8000,0,8000,5446.65
I02,920,22690,GASTOS DIVERSOS,0,0,0,0
J01,011,31000,INTERESES DE PRESTAMOS Y OTRAS OPER. FINANCIERAS EN EUROS,1500000,-225000,1275000,1270278.2
J01,011,35200,INTERESES DE DEMORA,470000,0,470000,485758.78
J01,011,35900,OTROS GASTOS FINANCIEROS,30000,0,30000,13006.88
J01,011,50000,FONDO DE CONTINGENCIA,200000,-145000,55000,0
J01,011,91100,AMORTIZACION PRESTAMOS A L/P VIVIENDAS,30000,50000,80000,79320.13
J01,011,91101,AMORTIZACION PRESTAMO C.EDUCATIVOS,50000,0,50000,236346.94
J01,011,91102,AMORTIZACION PRESTAMOS A L/P REFUNDICION Y OTROS,670000,173000,843000,835975.63
J01,011,91103,AMORTIZACION PRESTAMOS ABONO PROVEEDORES,2260000,147000,2407000,3324444.4
J01,011,91105,AMORTIZACION PRESTAMO LINEA ICO,570000,0,570000,565537.43
J01,011,91106,AMORT DE PRÉSTAMOS A L/P DE ENTES DEL SECTOR PÚBLICO.,1220000,0,1220000,350
J01,931,12000,SUELDOS DEL GRUPO A1.,73386.6,0,73386.6,33080.8
J01,931,12003,SUELDOS DEL GRUPO C1.,9884.84,0,9884.84,10409.5
J01,931,12006,TRIENIOS.,12439.28,0,12439.28,12349.72
J01,931,12100,COMPLEMENTO DE DESTINO.,69734.98,0,69734.98,34036.72
J01,931,12101,COMPLEMENTO ESPECÍFICO.,167225.24,0,167225.24,98813.54
J01,931,13000,RETRIBUCIONES BÁSICAS LABORAL FIJO,151678.51,0,151678.51,141365.28
J01,931,13002,OTRAS REMUNERACIONES LABORAL FIJO,54684.14,0,54684.14,50559.22
J01,931,15000,PRODUCTIVIDAD,43796.94,0,43796.94,41642.35
J01,931,16000,SEGURIDAD SOCIAL.,146140.59,0,146140.59,117485.22
J01,931,16200,FORMACIÓN Y PERFECCIONAMIENTO DEL PERSONAL.,1228.88,0,1228.88,1460.76
J01,931,16204,ACCIÓN SOCIAL.,8000,0,8000,2648.73
J01,931,16205,SEGUROS.,1100,0,1100,870.99
J01,931,16209,OTROS GASTOS SOCIALES.,700,0,700,415.78
J01,931,22690,GASTOS DIVERSOS,5000,0,5000,0
J01,931,22698,GASTOS RECONOCIMIENTO JUDICIAL DE CREDITOS,100000,0,100000,0
J01,931,22699,GASTOS RECONOCIMIENTO EXTRAJUDICIAL DE CRÉDITOS,200000,0,200000,22863.26
J01,931,22743,GASTOS CONTRATO ASESORÍA ECONÓMICA,25000,0,25000,0
J01,931,60000,INVERSIONES EN TERRENOS,450000,0,450000,438572
J02,920,12000,SUELDOS DEL GRUPO A1.,102741.24,0,102741.24,58812.95
J02,920,12001,SUELDOS DEL GRUPO A2.,90345.64,0,90345.64,31202.5
J02,920,12003,SUELDOS DEL GRUPO C1.,29654.52,0,29654.52,31226.22
J02,920,12006,TRIENIOS.,30432.2,0,30432.2,28676.89
J02,920,12100,COMPLEMENTO DE DESTINO.,173171.04,0,173171.04,58253.02
J02,920,12101,COMPLEMENTO ESPECÍFICO.,353143.56,0,353143.56,108270.37
J02,920,13000,RETRIBUCIONES BÁSICAS LABORAL FIJO,709736.9,0,709736.9,766845.33
J02,920,13002,OTRAS REMUNERACIONES LABORAL FIJO,309846.39,0,309846.39,244074.56
J02,920,15000,PRODUCTIVIDAD,175444.7,0,175444.7,150161.48
J02,920,15200,OTROS INCENTIVOS AL RENDIMIENTO,25310.02,0,25310.02,20125.47
J02,920,16000,SEGURIDAD SOCIAL.,378676.31,-86000,292676.31,304453.05
J02,920,16200,FORMACIÓN Y PERFECCIONAMIENTO DEL PERSONAL.,6397.48,0,6397.48,6149.85
J02,920,16204,ACCIÓN SOCIAL.,15000,0,15000,18093.23
J02,920,16205,SEGUROS.,6200,0,6200,4909.23
J02,920,16209,OTROS GASTOS SOCIALES.,3900,0,3900,3262.83
J02,920,20600,ARRENDAMIENTO EQUIPOS PROCESOS DE INFORMACION,10000,0,10000,8835.76
J02,920,21200,REPARACIONES MANTENIMIENTO Y CONSERVACION EDIFICIOS,4000,0,4000,611.49
J02,920,22000,ORDINARIO NO INVENTARIABLE.,35000,0,35000,41730.38
J02,920,22101,SUMINISTROS: AGUA.,8000,0,8000,14278
J02,920,22103,COMBUSTIBLES Y CARBURANTES.,25000,0,25000,0
J02,920,22110,PRODUCTOS DE LIMPIEZA Y ASEO.,10000,0,10000,0
J02,920,22200,SERVICIOS DE TELECOMUNICACIONES.,25000,0,25000,13175.78
J02,920,22201,POSTALES.,25000,0,25000,21896.23
J02,920,22400,SEGUROS DE RESPONSABILIDAD CIVIL,75000,0,75000,89191.17
J02,920,22403,SEGUROS INMUEBLES MUNICIPALES,55000,0,55000,25925
J02,920,22404,SEGUROS ELEMENTOS DE TRANSPORTE,30000,0,30000,14351.41
J02,920,22603,PUBLICACIÓN EN DIARIOS OFICIALES.,35000,0,35000,40108.28
J02,920,22604,"JURÍDICOS, CONTENCIOSOS.",100000,0,100000,29803.55
J02,920,22627,GASTOS MANTENIMIENTO VIVIENDAS MPALES,25000,0,25000,35417.7
J02,920,22690,GASTOS DIVERSOS,10000,86000,96000,5571.91
J02,920,22718,MANTENIMIENTO ASCENSORES,7000,0,7000,5581.63
J02,920,22719,MANTENIMIENTO CLIMATIZACION,25000,0,25000,16994.54
J02,920,22720,MANTENIMIENTO ALARMAS EDIFICIOS,15000,0,15000,36325.64
J02,920,23120,DEL PERSONAL NO DIRECTIVO.,1000,0,1000,957.54
J02,920,23300,OTRAS INDEMNIZACIONES,30000,0,30000,3296.37
J02,920,62500,INVERSION NUEVA EN MOBILIARIO,50000,0,50000,10759.28
J02,920,64101,E- ADMINISTRACIÓN,600000,0,600000,0
J02,920,83000,PRESTAMOS C/P AL PERSONAL,30000,0,30000,30000
K01,330,12001,SUELDOS DEL GRUPO A2.,12906.52,0,12906.52,13611.74
K01,330,12003,SUELDOS DEL GRUPO C1.,9884.84,0,9884.84,10294.04
K01,330,12006,TRIENIOS.,5057.45,0,5057.45,6291.07
K01,330,12100,COMPLEMENTO DE DESTINO.,14316.68,0,14316.68,14238.96
K01,330,12101,COMPLEMENTO ESPECÍFICO.,19312.44,0,19312.44,19180.7
K01,330,13000,RETRIBUCIONES BÁSICAS LABORAL FIJO,295366.27,0,295366.27,269688.65
K01,330,13002,OTRAS REMUNERACIONES LABORAL FIJO,83161.54,0,83161.54,70944.59
K01,330,15000,PRODUCTIVIDAD,49536.48,0,49536.48,53164.05
K01,330,15200,OTROS INCENTIVOS AL RENDIMIENTO,23379.63,0,23379.63,14597.51
K01,330,16000,SEGURIDAD SOCIAL.,156734.47,0,156734.47,126001.83
K01,330,16200,FORMACIÓN Y PERFECCIONAMIENTO DEL PERSONAL.,2143.68,0,2143.68,2661.57
K01,330,16204,ACCIÓN SOCIAL.,16000,0,16000,14957.27
K01,330,16205,SEGUROS.,1400,0,1400,1108.53
K01,330,16209,OTROS GASTOS SOCIALES.,800,0,800,538.2
K01,330,20600,ARRENDAMIENTO EQUIPOS PROCESOS DE INFORMACION,10000,0,10000,8642.62
K01,330,20900,CÁNONES.,4000,0,4000,0
K01,330,21200,REPARACIONES MANTENIMIENTO Y CONSERVACION EDIFICIOS,6000,0,6000,5677.94
K01,330,22001,"PRENSA, REVISTAS, LIBROS Y OTRAS PUBLICACIONES.",10000,0,10000,9988.96
K01,330,22100,SUMINISTROS: ENERGÍA ELÉCTRICA.,104000,0,104000,8318.72
K01,330,22101,SUMINISTROS: AGUA.,10000,0,10000,6903.29
K01,330,22102,GAS.,20000,0,20000,26311.13
K01,330,22103,COMBUSTIBLES Y CARBURANTES.,3000,0,3000,612.56
K01,330,22200,SERVICIOS DE TELECOMUNICACIONES.,14000,0,14000,5081.37
K01,330,22201,POSTALES.,5000,0,5000,3979.76
K01,330,22401,SEGUROS SUSPENSION DE ACTUACIONES,3000,0,3000,902.27
K01,330,22609,FESTEJOS TAURINOS,25000,0,25000,36317.5
K01,330,22613,ANIMACION A LA LECTURA,10000,0,10000,9456.16
K01,330,22618,PINTO VERANO,20000,0,20000,20232.38
K01,330,22619,FIESTAS CARNAVALES Y NAVIDAD,35000,0,35000,15193.91
K01,330,22620,PROMOCION BANDA MPAL Y CORO,45000,0,45000,30541.5
K01,330,22623,FIESTAS PATRONALES,130000,0,130000,131347.59
K01,330,22628,VIVE LA NAVIDAD,10000,0,10000,7355.09
K01,330,22630,PROGRAMACION SOCIOCULTURAL,10000,0,10000,52560.74
K01,330,22690,GASTOS DIVERSOS,4000,0,4000,7560.47
K01,330,22718,MANTENIMIENTO ASCENSORES,3000,0,3000,7936.3
K01,330,22719,MANTENIMIENTO CLIMATIZACION,24000,0,24000,18141.96
K01,330,22730,CONTRATO ILUMINACION FIESTAS,23000,0,23000,13767.08
K01,330,22732,CONTRATO FUEGOS ARTIFICIALES,12000,0,12000,12000
K01,330,47000,PROMOCION DEL COMERCIO Y PYMES,20000,0,20000,15494.84
K01,330,62700,PROYECTOS FEDER,400000,0,400000,8470
K01,335,13000,RETRIBUCIONES BÁSICAS LABORAL FIJO,15425.62,0,15425.62,18681.17
K01,335,13002,OTRAS REMUNERACIONES LABORAL FIJO,6284.18,0,6284.18,4039.83
K01,335,15000,PRODUCTIVIDAD,2495.64,0,2495.64,3210.7
K01,335,15200,OTROS INCENTIVOS AL RENDIMIENTO,2753.76,0,2753.76,0
K01,335,16000,SEGURIDAD SOCIAL.,9543.4,0,9543.4,7672.17
K01,335,16200,FORMACIÓN Y PERFECCIONAMIENTO DEL PERSONAL.,197.4,0,197.4,164.21
K01,335,16204,ACCIÓN SOCIAL.,3000,0,3000,0
K01,335,16205,SEGUROS.,100,0,100,79.21
K01,335,16209,OTROS GASTOS SOCIALES.,200,0,200,126.56
K01,335,20600,ARRENDAMIENTO EQUIPOS PROCESOS DE INFORMACION,10000,0,10000,7008.79
K01,335,21200,REPARACIONES MANTENIMIENTO Y CONSERVACION EDIFICIOS,20000,0,20000,6076.3
K01,335,22101,SUMINISTROS: AGUA.,6000,0,6000,3612.73
K01,335,22200,SERVICIOS DE TELECOMUNICACIONES.,1000,0,1000,481.95
K01,335,22719,MANTENIMIENTO CLIMATIZACION,8000,0,8000,6098.62
K01,335,22723,CONTRATO ILUMINACION Y SONIDO TEATRO,30000,0,30000,28423.85
K01,335,22748,PROGRAMACION TEATRO MPAL,45000,0,45000,34037.65
#,,,,51600000,-1.16415321827e-10,51600000,43006194.62
